-- --------------------------------------------------------
-- Host:                         127.0.0.1
-- Server version:               5.7.20-log - MySQL Community Server (GPL)
-- Server OS:                    Win64
-- HeidiSQL Version:             9.5.0.5282
-- --------------------------------------------------------

/*!40101 SET @OLD_CHARACTER_SET_CLIENT=@@CHARACTER_SET_CLIENT */;
/*!40101 SET NAMES utf8 */;
/*!50503 SET NAMES utf8mb4 */;
/*!40014 SET @OLD_FOREIGN_KEY_CHECKS=@@FOREIGN_KEY_CHECKS, FOREIGN_KEY_CHECKS=0 */;
/*!40101 SET @OLD_SQL_MODE=@@SQL_MODE, SQL_MODE='NO_AUTO_VALUE_ON_ZERO' */;


-- Dumping database structure for riot
DROP DATABASE IF EXISTS `riot`;
CREATE DATABASE IF NOT EXISTS `riot` /*!40100 DEFAULT CHARACTER SET utf8 */;
USE `riot`;

-- Dumping structure for table riot.champion
CREATE TABLE IF NOT EXISTS `champion` (
  `championId` int(11) NOT NULL COMMENT 'Given by Riot API',
  `name` varchar(50) NOT NULL,
  `title` varchar(50) NOT NULL,
  `partype` varchar(50) NOT NULL COMMENT 'Resource type',
  `hp` double NOT NULL,
  `hpperlevel` double NOT NULL,
  `mp` double NOT NULL COMMENT 'mana',
  `mpperlevel` double NOT NULL,
  `movespeed` double NOT NULL,
  `armor` double NOT NULL,
  `armorperlevel` double NOT NULL,
  `spellblock` double NOT NULL COMMENT 'magic resist',
  `spellblockperlevel` double NOT NULL,
  `attackrange` double NOT NULL,
  `hpregen` double NOT NULL,
  `hpregenperlevel` double NOT NULL,
  `mpregen` double NOT NULL,
  `mpregenperlevel` double NOT NULL,
  `crit` double NOT NULL,
  `critperlevel` double NOT NULL,
  `attackdamage` double NOT NULL,
  `attackdamageperlevel` double NOT NULL,
  `attackspeedperlevel` double NOT NULL,
  `attackspeed` double NOT NULL,
  PRIMARY KEY (`championId`)
) ENGINE=InnoDB DEFAULT CHARSET=utf8;

-- Dumping data for table riot.champion: ~143 rows (approximately)
/*!40000 ALTER TABLE `champion` DISABLE KEYS */;
INSERT INTO `champion` (`championId`, `name`, `title`, `partype`, `hp`, `hpperlevel`, `mp`, `mpperlevel`, `movespeed`, `armor`, `armorperlevel`, `spellblock`, `spellblockperlevel`, `attackrange`, `hpregen`, `hpregenperlevel`, `mpregen`, `mpregenperlevel`, `crit`, `critperlevel`, `attackdamage`, `attackdamageperlevel`, `attackspeedperlevel`, `attackspeed`) VALUES
	(-1, 'None', 'None', 'None', 0, 0, 0, 0, 0, 0, 0, 0, 0, 0, 0, 0, 0, 0, 0, 0, 0, 0, 0, 0),
	(1, 'Annie', 'the Dark Child', 'Mana', 524, 88, 418, 25, 335, 19.22, 4, 30, 0.5, 625, 5.5, 0.55, 8, 0.8, 0, 0, 50.41, 2.625, 1.36, 0.579),
	(2, 'Olaf', 'the Berserker', 'Mana', 597.24, 93, 315.6, 42, 350, 35, 3, 32.1, 1.25, 125, 8.5, 0.9, 7.466, 0.575, 0, 0, 68, 3.5, 2.7, 0.694),
	(3, 'Galio', 'the Colossus', 'Mana', 562, 112, 500, 20, 335, 24, 3.5, 32, 1.25, 150, 8, 0.8, 9.335, 0.7, 0, 0, 59, 3.5, 1.5, 0.625),
	(4, 'Twisted Fate', 'the Card Master', 'Mana', 534, 94, 333, 19, 335, 20.542, 3.15, 30, 0.5, 525, 5.5, 0.6, 8, 0.8, 0, 0, 49.954, 3.3, 3.22, 0.651),
	(5, 'Xin Zhao', 'the Seneschal of Demacia', 'Mana', 570, 92, 273.8, 35, 345, 35, 3.5, 32.1, 1.25, 175, 8, 0.7, 7.256, 0.45, 0, 0, 66, 3, 3.5, 0.645),
	(6, 'Urgot', 'the Dreadnought', 'Mana', 585, 88, 300, 45, 330, 39, 4.25, 32.1, 1.25, 350, 7.5, 0.7, 7.25, 0.6, 0, 0, 63, 4, 3.75, 0.625),
	(7, 'LeBlanc', 'the Deceiver', 'Mana', 528, 92, 334, 50, 340, 21.88, 3.5, 30, 0.5, 525, 7.5, 0.55, 6, 0.8, 0, 0, 54.88, 3.5, 1.4, 0.625),
	(8, 'Vladimir', 'the Crimson Reaper', 'Crimson Rush', 537, 96, 2, 0, 330, 23, 3.3, 30, 0.5, 450, 7, 0.6, 0, 0, 0, 0, 55, 3, 2, 0.658),
	(9, 'Fiddlesticks', 'the Harbinger of Doom', 'Mana', 524.4, 80, 500, 28, 335, 30, 3.5, 30, 0.5, 480, 5.5, 0.6, 8, 0.8, 0, 0, 48.36, 2.625, 2.11, 0.625),
	(10, 'Kayle', 'The Judicator', 'Mana', 586, 105, 375, 25, 335, 26.88, 3.5, 30, 0.5, 125, 8.5, 0.75, 8, 0.8, 0, 0, 51, 2.2, 2.2, 0.702),
	(11, 'Master Yi', 'the Wuju Bladesman', 'Mana', 598.56, 92, 250.56, 42, 355, 33, 3, 32.1, 1.25, 125, 7.5, 0.65, 7.256, 0.45, 0, 0, 66, 3, 2, 0.733),
	(12, 'Alistar', 'the Minotaur', 'Mana', 573.36, 106, 278.84, 38, 330, 44, 3.5, 32.1, 1.25, 125, 8.5, 0.85, 8.5, 0.8, 0, 0, 61.1116, 3.62, 2.125, 0.625),
	(13, 'Ryze', 'the Rune Mage', 'Mana', 570.48, 98, 400, 50, 340, 21.552, 3, 30, 0.5, 550, 7, 0.55, 6, 0.8, 0, 0, 55.04, 3, 2.112, 0.625),
	(14, 'Sion', 'The Undead Juggernaut', 'Mana', 542.64, 73, 325.6, 42, 345, 32, 3, 32.1, 1.25, 175, 7.5, 0.8, 8.008, 0.6, 0, 0, 68, 4, 1.3, 0.679),
	(15, 'Sivir', 'the Battle Mistress', 'Mana', 532, 88, 284, 50, 335, 26, 3.25, 30, 0.5, 500, 3.25, 0.55, 8.012, 0.9, 0, 0, 61, 3.11, 1.6, 0.625),
	(16, 'Soraka', 'the Starchild', 'Mana', 529.04, 78, 350.8, 60, 325, 32, 3.8, 30, 0.5, 550, 2.5, 0.5, 11.5, 0.4, 0, 0, 50.04, 3, 2.14, 0.625),
	(17, 'Teemo', 'the Swift Scout', 'Mana', 528, 90, 334, 20, 330, 24.3, 3.75, 30, 0.5, 500, 5.5, 0.65, 9.6, 0.45, 0, 0, 54, 3, 3.38, 0.69),
	(18, 'Tristana', 'the Yordle Gunner', 'Mana', 559, 88, 246.76, 32, 325, 26, 3, 30, 0.5, 525, 3.75, 0.65, 7.206, 0.45, 0, 0, 61, 3.11, 1.5, 0.656),
	(19, 'Warwick', 'the Uncaged Wrath of Zaun', 'Mana', 550, 85, 280, 35, 335, 33, 3.2, 32.1, 1.25, 125, 4, 0.75, 7.466, 0.575, 0, 0, 65, 3, 2.3, 0.638),
	(20, 'Nunu & Willump', 'the Boy and His Yeti', 'Mana', 590, 90, 283.56, 42, 345, 32, 3.5, 32.1, 1.25, 125, 5, 0.8, 7.44, 0.5, 0, 0, 61, 3, 2.25, 0.625),
	(21, 'Miss Fortune', 'the Bounty Hunter', 'Mana', 541, 91, 325.84, 35, 325, 28, 3, 30, 0.5, 550, 3.75, 0.65, 8.042, 0.65, 0, 0, 50, 2.7, 3, 0.656),
	(22, 'Ashe', 'the Frost Archer', 'Mana', 539, 85, 280, 32, 325, 26, 3.4, 30, 0.5, 600, 3.5, 0.55, 6.972, 0.4, 0, 0, 61, 2.96, 3.33, 0.658),
	(23, 'Tryndamere', 'the Barbarian King', 'Fury', 625.64, 98, 100, 0, 345, 33, 3.1, 32.1, 1.25, 125, 8.5, 0.9, 0, 0, 0, 0, 69, 3.7, 2.9, 0.67),
	(24, 'Jax', 'Grandmaster at Arms', 'Mana', 592.8, 85, 338.8, 32, 350, 36, 3, 32.1, 1.25, 125, 8.5, 0.55, 7.576, 0.7, 0, 0, 69.97, 3.375, 3.4, 0.638),
	(25, 'Morgana', 'Fallen Angel', 'Mana', 559.48, 90, 340.8, 60, 335, 25.384, 3.8, 30, 0.5, 450, 5.5, 0.6, 11, 0.4, 0, 0, 55.46, 3.5, 1.53, 0.625),
	(26, 'Zilean', 'the Chronokeeper', 'Mana', 504, 82, 452, 30, 335, 24, 3.8, 30, 0.5, 550, 5.5, 0.5, 11.335, 0.8, 0, 0, 51.64, 3, 2.13, 0.625),
	(27, 'Singed', 'the Mad Chemist', 'Mana', 610, 85, 290.6, 45, 345, 37, 3.5, 32.1, 1.25, 125, 8, 0.55, 7.524, 0.55, 0, 0, 62.32, 3.375, 1.81, 0.613),
	(28, 'Evelynn', 'Agony\'s Embrace', 'Mana', 572, 84, 315.6, 42, 335, 37, 3.5, 32.1, 1.25, 125, 8.5, 0.75, 8.108, 0.6, 0, 0, 61, 3, 2.1, 0.667),
	(29, 'Twitch', 'the Plague Rat', 'Mana', 582, 84, 287.2, 40, 330, 27, 3, 30, 0.5, 550, 3.75, 0.6, 7.256, 0.45, 0, 0, 59, 3.11, 3.38, 0.679),
	(30, 'Karthus', 'the Deathsinger', 'Mana', 528, 87, 467, 30.5, 335, 20.88, 3.5, 30, 0.5, 450, 6.5, 0.55, 8, 0.8, 0, 0, 45.66, 3.25, 2.11, 0.625),
	(31, 'Cho\'Gath', 'the Terror of the Void', 'Mana', 574.4, 80, 272.2, 40, 345, 38, 3.5, 32.1, 1.25, 125, 9, 0.85, 7.206, 0.45, 0, 0, 69, 4.2, 1.44, 0.625),
	(32, 'Amumu', 'the Sad Mummy', 'Mana', 613.12, 84, 287.2, 40, 335, 33, 3.8, 32.1, 1.25, 125, 9, 0.85, 7.382, 0.525, 0, 0, 53.38, 3.8, 2.18, 0.736),
	(33, 'Rammus', 'the Armordillo', 'Mana', 564.48, 86, 310.44, 33, 335, 36, 4.3, 32.1, 1.25, 125, 8, 0.55, 7.84, 0.5, 0, 0, 55.88, 3.5, 2.215, 0.625),
	(34, 'Anivia', 'the Cryophoenix', 'Mana', 480, 82, 495, 25, 325, 21.22, 4, 30, 0.5, 600, 5.5, 0.55, 8, 0.8, 0, 0, 51.376, 3.2, 1.68, 0.625),
	(35, 'Shaco', 'the Demon Jester', 'Mana', 587, 89, 297.2, 40, 350, 30, 3.5, 32.1, 1.25, 125, 8.5, 0.55, 7.156, 0.45, 0, 0, 66, 3.5, 3, 0.694),
	(36, 'Dr. Mundo', 'the Madman of Zaun', 'None', 582.52, 89, 0, 0, 345, 36, 3.5, 32.1, 1.25, 125, 8, 0.75, 0, 0, 0, 0, 61.27, 3.5, 2.8, 0.721),
	(37, 'Sona', 'Maven of the Strings', 'Mana', 482.36, 77, 340.6, 45, 325, 28, 3.3, 30, 0.5, 550, 5.5, 0.55, 11.5, 0.4, 0, 0, 49, 3, 2.3, 0.644),
	(38, 'Kassadin', 'the Void Walker', 'Mana', 576, 90, 397.6, 67, 340, 23.376, 3.2, 30, 0.5, 150, 6, 0.5, 6, 0.8, 0, 0, 58.852, 3.9, 3.7, 0.64),
	(39, 'Irelia', 'the Blade Dancer', 'Mana', 580, 85, 350, 30, 335, 34, 3, 32, 1.25, 200, 8.5, 0.85, 8, 0.8, 0, 0, 63, 4, 2.5, 0.656),
	(40, 'Janna', 'the Storm\'s Fury', 'Mana', 500, 70, 350, 64, 315, 28, 3.8, 30, 0.5, 550, 5.5, 0.55, 11.5, 0.4, 0, 0, 46, 1.5, 2.95, 0.625),
	(41, 'Gangplank', 'the Saltwater Scourge', 'Mana', 540, 82, 282, 40, 345, 35, 3, 32.1, 1.25, 125, 6, 0.6, 7.5, 0.7, 0, 0, 64, 3, 3.2, 0.658),
	(42, 'Corki', 'the Daring Bombardier', 'Mana', 518, 87, 350.16, 34, 325, 28, 3.5, 30, 0.5, 550, 5.5, 0.55, 7.424, 0.55, 0, 0, 60, 3, 2.3, 0.638),
	(43, 'Karma', 'the Enlightened One', 'Mana', 534, 95, 374, 50, 335, 26, 3.8, 30, 0.5, 525, 5.5, 0.55, 11.5, 0.5, 0, 0, 53.544, 3.3, 2.3, 0.625),
	(44, 'Taric', 'the Shield of Valoran', 'Mana', 575, 90, 300, 60, 340, 40, 3.4, 32.1, 1.25, 150, 6, 0.5, 8.5, 0.8, 0, 0, 55, 3.5, 2, 0.625),
	(45, 'Veigar', 'the Tiny Master of Evil', 'Mana', 505, 94, 490, 26, 340, 22.55, 3.75, 30, 0.5, 550, 6.5, 0.6, 8, 0.8, 0, 0, 50.71, 2.625, 2.24, 0.625),
	(48, 'Trundle', 'the Troll King', 'Mana', 616.28, 96, 281.6, 45, 350, 37, 2.7, 32.1, 1.25, 175, 6, 0.75, 7.508, 0.6, 0, 0, 68, 3, 2.9, 0.67),
	(50, 'Swain', 'the Noxian Grand General', 'Mana', 525, 90, 468, 28.5, 335, 22.72, 4, 30, 0.5, 550, 7, 0.65, 8, 0.8, 0, 0, 58, 2.7, 2.11, 0.625),
	(51, 'Caitlyn', 'the Sheriff of Piltover', 'Mana', 481, 91, 313.7, 35, 325, 28, 3.5, 30, 0.5, 650, 3.5, 0.55, 7.4, 0.55, 0, 0, 58, 2.88, 4, 0.625),
	(53, 'Blitzcrank', 'the Great Steam Golem', 'Mana', 582.6, 95, 267.2, 40, 325, 44, 4, 32.1, 1.25, 125, 8.5, 0.75, 8.5, 0.8, 0, 0, 61.54, 3.5, 1.13, 0.625),
	(54, 'Malphite', 'Shard of the Monolith', 'Mana', 574.2, 90, 282.2, 40, 335, 37, 3.75, 32.1, 1.25, 125, 7, 0.55, 7.324, 0.55, 0, 0, 61.97, 4, 3.4, 0.736),
	(55, 'Katarina', 'the Sinister Blade', 'None', 602, 94, 0, 0, 340, 27.88, 3.5, 32.1, 1.25, 125, 7.5, 0.7, 0, 0, 0, 0, 58, 3.2, 2.74, 0.658),
	(56, 'Nocturne', 'the Eternal Nightmare', 'Mana', 582.8, 85, 273.8, 35, 345, 36, 3.5, 32.1, 1.25, 125, 8.5, 0.75, 6.756, 0.45, 0, 0, 62, 3.1, 2.7, 0.721),
	(57, 'Maokai', 'the Twisted Treant', 'Mana', 565, 95, 377.28, 43, 335, 39, 4, 32.1, 1.25, 125, 5, 0.75, 7.2, 0.6, 0, 0, 63.54, 3.3, 2.125, 0.8),
	(58, 'Renekton', 'the Butcher of the Sands', 'Fury', 572.16, 87, 100, 0, 345, 35, 3.8, 32.1, 1.25, 125, 8, 0.75, 0, 0, 0, 0, 69, 3.75, 2.65, 0.665),
	(59, 'Jarvan IV', 'the Exemplar of Demacia', 'Mana', 571.2, 90, 302.2, 40, 340, 34, 3.6, 32.1, 1.25, 175, 8, 0.7, 6.756, 0.45, 0, 0, 64, 3.4, 2.5, 0.658),
	(60, 'Elise', 'the Spider Queen', 'Mana', 534, 93, 324, 50, 330, 27, 3.35, 30, 0.5, 550, 5.5, 0.6, 6, 0.8, 0, 0, 55, 3, 1.75, 0.625),
	(61, 'Orianna', 'the Lady of Clockwork', 'Mana', 530, 91, 418, 25, 325, 17.04, 3, 26, 0.5, 525, 7, 0.55, 8, 0.8, 0, 0, 40.368, 2.6, 3.5, 0.658),
	(62, 'Wukong', 'the Monkey King', 'Mana', 577.8, 85, 265.84, 38, 345, 34, 3.5, 32.1, 1.25, 175, 6, 0.65, 8.042, 0.65, 0, 0, 68, 4, 3, 0.711),
	(63, 'Brand', 'the Burning Vengeance', 'Mana', 519.68, 88, 469, 21, 340, 21.88, 3.5, 30, 0.5, 550, 5.5, 0.55, 10.665, 0.6, 0, 0, 57.04, 3, 1.36, 0.625),
	(64, 'Lee Sin', 'the Blind Monk', 'Energy', 570.8, 85, 200, 0, 345, 33, 3.7, 32.1, 1.25, 125, 7.5, 0.7, 50, 0, 0, 0, 69.18, 3.2, 3, 0.651),
	(67, 'Vayne', 'the Night Hunter', 'Mana', 515, 89, 231.8, 35, 330, 23, 3.4, 30, 0.5, 550, 3.5, 0.55, 6.972, 0.4, 0, 0, 60, 2.36, 3.3, 0.658),
	(68, 'Rumble', 'the Mechanized Menace', 'Heat', 589, 85, 100, 0, 345, 30.88, 3.5, 32.1, 1.25, 125, 8, 0.6, 0, 0, 0, 0, 61.036, 3.2, 1.85, 0.644),
	(69, 'Cassiopeia', 'the Serpent\'s Embrace', 'Mana', 537, 87, 418, 31.5, 328, 25, 3.5, 30, 0.5, 550, 5.5, 0.5, 8, 0.8, 0, 0, 53, 3, 1.5, 0.647),
	(72, 'Skarner', 'the Crystal Vanguard', 'Mana', 601.28, 90, 320, 40, 335, 38, 3.8, 32.1, 1.25, 125, 9, 0.85, 7.206, 0.45, 0, 0, 65, 4.5, 2.1, 0.625),
	(74, 'Heimerdinger', 'the Revered Inventor', 'Mana', 488, 87, 385, 20, 340, 19.04, 3, 30, 0.5, 550, 7, 0.55, 8, 0.8, 0, 0, 55.536, 2.7, 1.36, 0.625),
	(75, 'Nasus', 'the Curator of the Sands', 'Mana', 561.2, 90, 325.6, 42, 350, 34, 3.5, 32.1, 1.25, 125, 9, 0.9, 7.44, 0.5, 0, 0, 67, 3.5, 3.48, 0.638),
	(76, 'Nidalee', 'the Bestial Huntress', 'Mana', 545, 85, 295.6, 45, 335, 28, 3.5, 30, 0.5, 525, 6, 0.6, 6, 0.8, 0, 0, 61, 3.5, 3.22, 0.638),
	(77, 'Udyr', 'the Spirit Walker', 'Mana', 593.32, 99, 270.4, 30, 345, 34, 4, 32.1, 1.25, 125, 6, 0.75, 7.506, 0.45, 0, 0, 66, 5, 2.67, 0.658),
	(78, 'Poppy', 'Keeper of the Hammer', 'Mana', 540, 90, 280, 40, 345, 38, 3.5, 32, 1.25, 125, 8, 0.8, 7, 0.7, 0, 0, 64, 4, 2.5, 0.625),
	(79, 'Gragas', 'the Rabble Rouser', 'Mana', 583.52, 89, 400, 47, 330, 35, 3.6, 32.1, 1.25, 125, 5.5, 0.5, 6, 0.8, 0, 0, 61.38, 3.5, 2.05, 0.675),
	(80, 'Pantheon', 'the Artisan of War', 'Mana', 579.16, 87, 317.12, 31, 355, 37, 3.9, 32.1, 1.25, 150, 8, 0.65, 7.356, 0.45, 0, 0, 64, 2.9, 2.95, 0.696),
	(81, 'Ezreal', 'the Prodigal Explorer', 'Mana', 491, 86, 360.6, 42, 325, 22, 3.5, 30, 0.5, 550, 4, 0.55, 8.092, 0.65, 0, 0, 60, 2.5, 1.5, 0.625),
	(82, 'Mordekaiser', 'the Iron Revenant', 'Shield', 530, 78, 0, 0, 325, 25, 3.75, 32.1, 1.25, 175, 4, 0.3, 0, 0, 0, 0, 61, 5, 2.2, 0.601),
	(83, 'Yorick', 'Shepherd of Souls', 'Mana', 580, 100, 300, 40, 340, 39, 4, 32, 1.25, 175, 8, 0.8, 7.5, 0.75, 0, 0, 62, 5, 2, 0.625),
	(84, 'Akali', 'the Rogue Assassin', 'Energy', 550, 85, 200, 0, 345, 23, 3.5, 32.1, 1.25, 125, 3.5, 0.5, 50, 0, 0, 0, 62.4, 3.3, 3.2, 0.625),
	(85, 'Kennen', 'the Heart of the Tempest', 'Energy', 541, 84, 200, 0, 335, 29, 3.75, 30, 0.5, 550, 5.5, 0.65, 50, 0, 0, 0, 50.544, 3.3, 3.4, 0.69),
	(86, 'Garen', 'The Might of Demacia', 'None', 616.28, 84.25, 0, 0, 340, 36, 3, 32.1, 1.25, 175, 8, 0.5, 0, 0, 0, 0, 66, 4.5, 2.9, 0.625),
	(89, 'Leona', 'the Radiant Dawn', 'Mana', 576.16, 87, 302.2, 40, 335, 47, 3.6, 32.1, 1.25, 125, 8.5, 0.85, 6, 0.8, 0, 0, 60.04, 3, 2.9, 0.625),
	(90, 'Malzahar', 'the Prophet of the Void', 'Mana', 537, 87, 375, 27.5, 335, 18, 3.5, 30, 0.5, 500, 6, 0.6, 8, 0.8, 0, 0, 55, 3, 1.5, 0.625),
	(91, 'Talon', 'the Blade\'s Shadow', 'Mana', 588, 95, 377.2, 37, 335, 30, 3.5, 39, 1.25, 125, 8.5, 0.75, 7.6, 0.8, 0, 0, 68, 3.1, 2.9, 0.625),
	(92, 'Riven', 'the Exile', 'None', 558.48, 86, 0, 0, 340, 33, 3.2, 32.1, 1.25, 125, 7, 0.5, 0, 0, 0, 0, 64, 3, 3.5, 0.625),
	(96, 'Kog\'Maw', 'the Mouth of the Abyss', 'Mana', 534, 88, 322.2, 40, 330, 24, 3.5, 30, 0.5, 500, 3.75, 0.55, 8.676, 0.7, 0, 0, 61, 3.11, 2.65, 0.665),
	(98, 'Shen', 'the Eye of Twilight', 'Energy', 540, 85, 400, 0, 340, 34, 3, 32.1, 1.25, 125, 8.5, 0.75, 50, 0, 0, 0, 60, 3, 2, 0.751),
	(99, 'Lux', 'the Lady of Luminosity', 'Mana', 490, 85, 480, 23.5, 330, 18.72, 4, 30, 0.5, 550, 5.5, 0.55, 8, 0.8, 0, 0, 53.54, 3.3, 1, 0.669),
	(101, 'Xerath', 'the Magus Ascendant', 'Mana', 526, 92, 459, 22, 340, 21.88, 3.5, 30, 0.5, 525, 5.5, 0.55, 8, 0.8, 0, 0, 54.7, 3, 1.36, 0.625),
	(102, 'Shyvana', 'the Half-Dragon', 'Fury', 595, 95, 100, 0, 350, 38, 3.35, 32.1, 1.25, 125, 8.5, 0.8, 0, 0, 0, 0, 66, 3.4, 2.5, 0.658),
	(103, 'Ahri', 'the Nine-Tailed Fox', 'Mana', 526, 92, 418, 25, 330, 20.88, 3.5, 30, 0.5, 550, 6.5, 0.6, 8, 0.8, 0, 0, 53.04, 3, 2, 0.668),
	(104, 'Graves', 'the Outlaw', 'Mana', 551.12, 92, 322.2, 40, 340, 33, 3.4, 30, 1, 425, 8, 0.7, 7.9, 0.7, 0, 0, 63, 3, 2.6, 0.475),
	(105, 'Fizz', 'the Tidal Trickster', 'Mana', 570, 98, 317.2, 37, 335, 22.412, 3.4, 32.1, 1.25, 175, 8, 0.7, 6, 0.8, 0, 0, 58.04, 3, 3.1, 0.658),
	(106, 'Volibear', 'the Thunder\'s Roar', 'Mana', 584.48, 86, 270.4, 30, 345, 35, 3.5, 32.1, 1.25, 125, 8, 0.65, 8.092, 0.65, 0, 0, 68, 3.3, 2.67, 0.658),
	(107, 'Rengar', 'the Pridestalker', 'Ferocity', 585, 90, 4, 0, 345, 34, 3, 32.1, 1.25, 125, 7, 0.5, 0, 0, 0, 0, 68, 3, 3, 0.667),
	(110, 'Varus', 'the Arrow of Retribution', 'Mana', 499, 89, 360.48, 33, 330, 27, 3.4, 30, 0.5, 575, 3.5, 0.55, 7.34, 0.8, 0, 0, 59, 3.11, 3, 0.658),
	(111, 'Nautilus', 'the Titan of the Depths', 'Mana', 576.48, 86, 400, 47, 325, 35.46, 3.75, 32.1, 1.25, 175, 8.5, 0.55, 8.626, 0.5, 0, 0, 61, 3.3, 1, 0.706),
	(112, 'Viktor', 'the Machine Herald', 'Mana', 528.04, 90, 405, 25, 335, 22.72, 4, 30, 0.5, 525, 8, 0.65, 8, 0.8, 0, 0, 52.04, 3, 2.11, 0.658),
	(113, 'Sejuani', 'Fury of the North', 'Mana', 560, 105, 400, 40, 340, 34, 4.25, 32.1, 1.25, 150, 8.5, 0.85, 7, 0.7, 0, 0, 64, 4, 3, 0.625),
	(114, 'Fiora', 'the Grand Duelist', 'Mana', 550, 85, 300, 40, 345, 33, 3.5, 32.1, 1.25, 150, 8.5, 0.55, 8, 0.7, 0, 0, 68, 3.3, 3.2, 0.69),
	(115, 'Ziggs', 'the Hexplosives Expert', 'Mana', 536, 92, 480, 23.5, 325, 21.544, 3.3, 30, 0.5, 550, 6.5, 0.6, 8, 0.8, 0, 0, 54.208, 3.1, 2, 0.656),
	(117, 'Lulu', 'the Fae Sorceress', 'Mana', 525, 74, 350, 55, 330, 28.22, 3.7, 30, 0.5, 550, 6, 0.6, 11, 0.6, 0, 0, 46.368, 2.6, 2.25, 0.625),
	(119, 'Draven', 'the Glorious Executioner', 'Mana', 574, 88, 360.56, 39, 330, 29, 3.3, 30, 0.5, 550, 3.75, 0.7, 8.042, 0.65, 0, 0, 60, 3.61, 2.7, 0.679),
	(120, 'Hecarim', 'the Shadow of War', 'Mana', 580, 90, 277.2, 40, 345, 36, 4, 32.1, 1.25, 175, 7, 0.75, 6.5, 0.6, 0, 0, 66, 3.2, 2.5, 0.67),
	(121, 'Kha\'Zix', 'the Voidreaver', 'Mana', 572.8, 85, 327.2, 40, 350, 36, 3, 32.1, 1.25, 125, 7.5, 0.75, 7.59, 0.5, 0, 0, 63, 3.1, 2.7, 0.668),
	(122, 'Darius', 'the Hand of Noxus', 'Mana', 582.24, 100, 263, 37.5, 340, 39, 4, 32.1, 1.25, 175, 10, 0.95, 6.6, 0.35, 0, 0, 64, 5, 1, 0.625),
	(126, 'Jayce', 'the Defender of Tomorrow', 'Mana', 576, 95, 357.2, 37, 335, 27, 3.5, 30, 0.5, 125, 7.5, 0.8, 6, 0.8, 0, 0, 58, 3.5, 3, 0.658),
	(127, 'Lissandra', 'the Ice Witch', 'Mana', 518, 87, 475, 30, 325, 20.216, 3.7, 30, 0.5, 550, 7, 0.55, 8, 0.4, 0, 0, 53, 2.7, 1.36, 0.656),
	(131, 'Diana', 'Scorn of the Moon', 'Mana', 594, 95, 372, 20, 345, 31, 3.6, 32.1, 1.25, 150, 7.5, 0.85, 8, 0.8, 0, 0, 53.04, 3, 2.25, 0.625),
	(133, 'Quinn', 'Demacia\'s Wings', 'Mana', 532.8, 85, 268.8, 35, 335, 28, 3.5, 30, 0.5, 525, 5.5, 0.55, 6.972, 0.4, 0, 0, 59, 2.4, 3.1, 0.668),
	(134, 'Syndra', 'the Dark Sovereign', 'Mana', 523, 90, 480, 30, 330, 24.712, 3.4, 30, 0.5, 550, 6.5, 0.6, 8, 0.8, 0, 0, 53.872, 2.9, 2, 0.625),
	(136, 'Aurelion Sol', 'The Star Forger', 'Mana', 510, 92, 350, 50, 325, 19, 3.6, 30, 0.5, 550, 7, 0.6, 6, 0.8, 0, 0, 57, 3.2, 1.36, 0.625),
	(141, 'Kayn', 'the Shadow Reaper', 'Mana', 585, 85, 410, 50, 340, 38, 3.3, 32.1, 1.25, 175, 8, 0.75, 11.5, 0.95, 0, 0, 68, 3.3, 2.7, 0.669),
	(142, 'Zoe', 'the Aspect of Twilight', 'Mana', 560, 92, 425, 25, 340, 20.8, 3.5, 30, 0.5, 550, 6.5, 0.6, 8, 0.65, 0, 0, 58, 3.3, 2.5, 0.625),
	(143, 'Zyra', 'Rise of the Thorns', 'Mana', 504, 79, 418, 25, 340, 29, 3, 30, 0.5, 575, 5.5, 0.5, 15.335, 0.4, 0, 0, 53.376, 3.2, 2.11, 0.625),
	(145, 'Kai\'Sa', 'Daughter of the Void', 'Mana', 571, 86, 344.88, 38, 335, 28, 3, 30, 0.5, 525, 3.5, 0.55, 8.2, 0.45, 0, 0, 59, 1.7, 1.8, 0.644),
	(150, 'Gnar', 'the Missing Link', 'Rage', 510, 65, 100, 0, 325, 32, 2.5, 30, 0.5, 175, 4.5, 1.75, 0, 0, 0, 0, 59, 3, 6, 0.625),
	(154, 'Zac', 'the Secret Weapon', 'None', 615, 95, 0, 0, 340, 33, 3.5, 32, 1.25, 175, 8, 0.5, 0, 0, 0, 0, 60, 3.4, 1.6, 0.736),
	(157, 'Yasuo', 'the Unforgiven', 'Flow', 523, 87, 100, 0, 345, 30, 3.4, 30, 1.25, 175, 6.5, 0.9, 0, 0, 0, 0, 63, 3.2, 2.5, 0.697),
	(161, 'Vel\'Koz', 'the Eye of the Void', 'Mana', 520, 88, 469, 21, 340, 21.88, 3.5, 30, 0.5, 525, 5.5, 0.55, 8, 0.8, 0, 0, 54.9379, 3.1416, 1.36, 0.625),
	(163, 'Taliyah', 'the Stoneweaver', 'Mana', 532, 90, 425, 30, 335, 20, 3.5, 30, 0.5, 525, 7, 0.7, 9.335, 0.85, 0, 0, 58, 3.3, 1.36, 0.625),
	(164, 'Camille', 'the Steel Shadow', 'Mana', 575.6, 85, 338.8, 32, 340, 35, 3.8, 32.1, 1.25, 125, 8.5, 0.8, 8.15, 0.75, 0, 0, 68, 3.5, 2.5, 0.625),
	(201, 'Braum', 'the Heart of the Freljord', 'Mana', 540, 87, 310.6, 45, 335, 47, 4, 32.1, 1.25, 125, 8, 1, 6, 0.8, 0, 0, 55.376, 3.2, 3.5, 0.644),
	(202, 'Jhin', 'the Virtuoso', 'Mana', 556, 91, 300, 50, 330, 24, 3.5, 30, 0.5, 550, 3.75, 0.55, 6, 0.8, 0, 0, 57, 4.7, 0, 0.625),
	(203, 'Kindred', 'The Eternal Hunters', 'Mana', 540, 85, 300, 35, 325, 29, 3.5, 30, 0.5, 500, 7, 0.55, 6.972, 0.4, 0, 0, 65, 2.26, 3.5, 0.625),
	(222, 'Jinx', 'the Loose Cannon', 'Mana', 581, 84, 245, 45, 325, 28, 3.5, 30, 0.5, 525, 3.75, 0.5, 6.7, 1, 0, 0, 57, 3.4, 1, 0.625),
	(223, 'Tahm Kench', 'the River King', 'Mana', 540, 102, 325, 40, 335, 47, 3.5, 32.1, 1.25, 175, 6.5, 0.55, 8, 1, 0, 0, 56, 3.2, 2.5, 0.658),
	(236, 'Lucian', 'the Purifier', 'Mana', 571, 86, 348.88, 38, 335, 28, 3, 30, 0.5, 500, 3.75, 0.65, 8.176, 0.7, 0, 0, 61, 2.75, 3.3, 0.638),
	(238, 'Zed', 'the Master of Shadows', 'Energy', 584, 85, 200, 0, 345, 32, 3.5, 32.1, 1.25, 125, 7, 0.65, 50, 0, 0, 0, 63, 3.4, 2.1, 0.651),
	(240, 'Kled', 'the Cantankerous Cavalier', 'Courage', 340, 70, 100, 0, 345, 35, 4, 32.1, 1.25, 125, 6, 0.75, 0, 0, 0, 0, 65, 3.5, 3.5, 0.625),
	(245, 'Ekko', 'the Boy Who Shattered Time', 'Mana', 585, 85, 280, 50, 340, 32, 3, 32, 1.25, 125, 9, 0.9, 7, 0.8, 0, 0, 55, 3, 3.3, 0.688),
	(254, 'Vi', 'the Piltover Enforcer', 'Mana', 585, 85, 295, 45, 340, 30, 4, 32.1, 1.25, 125, 10, 1, 8, 0.65, 0, 0, 64, 3.5, 2.5, 0.644),
	(266, 'Aatrox', 'the Darkin Blade', 'Blood Well', 580, 80, 0, 0, 345, 33, 3.25, 32.1, 1.25, 175, 5, 0.25, 0, 0, 0, 0, 60, 5, 2.5, 0.651),
	(267, 'Nami', 'the Tidecaller', 'Mana', 489.32, 74, 377.24, 43, 335, 29, 4, 30, 0.5, 550, 5.5, 0.55, 11.5, 0.4, 0, 0, 51.208, 3.1, 2.61, 0.644),
	(268, 'Azir', 'the Emperor of the Sands', 'Mana', 552, 92, 438, 21, 335, 19.04, 3, 30, 0.5, 525, 7, 0.55, 8, 0.8, 0, 0, 52, 2.8, 1.5, 0.625),
	(412, 'Thresh', 'the Chain Warden', 'Mana', 560.52, 93, 273.92, 44, 335, 28, 0, 30, 0.5, 450, 7, 0.55, 6, 0.8, 0, 0, 56, 2.2, 3.5, 0.625),
	(420, 'Illaoi', 'the Kraken Priestess', 'Mana', 585.6, 95, 300, 40, 340, 35, 3.8, 32.1, 1.25, 125, 9.5, 0.8, 7.5, 0.75, 0, 0, 68, 5, 2.5, 0.571),
	(421, 'Rek\'Sai', 'the Void Burrower', 'Fury', 570, 85, 100, 0, 335, 33, 3.75, 32.1, 1.25, 175, 7.5, 0.65, 0, 0, 0, 0, 65.5, 3.35, 2, 0.667),
	(427, 'Ivern', 'the Green Father', 'Mana', 585, 95, 450, 60, 330, 27, 3.5, 32.1, 1.25, 125, 7, 0.85, 6, 0.75, 0, 0, 50, 3, 3.4, 0.644),
	(429, 'Kalista', 'the Spear of Vengeance', 'Mana', 534, 89, 231.8, 35, 325, 23, 3.5, 30, 0.5, 525, 3.75, 0.55, 6.3, 0.4, 0, 0, 67, 4, 4, 0.694),
	(432, 'Bard', 'the Wandering Caretaker', 'Mana', 535, 89, 350, 50, 330, 34, 4, 30, 0.5, 500, 7.5, 0.55, 6, 0.45, 0, 0, 52, 3, 2, 0.625),
	(497, 'Rakan', 'The Charmer', 'Mana', 480, 85, 315, 50, 335, 33, 3.9, 30, 0.5, 300, 5, 0.5, 8.75, 0.5, 0, 0, 70, 3.5, 3, 0.635),
	(498, 'Xayah', 'the Rebel', 'Mana', 561, 86, 340, 40, 325, 28, 3, 30, 0.5, 525, 3.25, 0.75, 8.25, 0.75, 0, 0, 60, 2.9, 3.3, 0.625),
	(516, 'Ornn', 'The Fire below the Mountain', 'Mana', 565.64, 95, 340.6, 45, 335, 33.04, 4, 32.1, 1.25, 175, 9, 0.9, 8.01, 0.6, 0, 0, 69, 3.5, 2, 0.625),
	(518, 'Neeko', 'the Curious Chameleon', 'Mana', 540, 90, 450, 30, 340, 21, 4, 30, 0.5, 550, 7.5, 0.75, 7, 0.7, 0, 0, 52, 3, 3.5, 0.645),
	(555, 'Pyke', 'the Bloodharbor Ripper', 'Mana', 600, 100, 415, 50, 330, 45, 5, 32, 1.5, 150, 7, 0.5, 8, 1, 0, 0, 62, 2, 2.5, 0.667);
/*!40000 ALTER TABLE `champion` ENABLE KEYS */;

-- Dumping structure for table riot.champion_tag
CREATE TABLE IF NOT EXISTS `champion_tag` (
  `id` int(11) NOT NULL AUTO_INCREMENT,
  `name` varchar(50) NOT NULL,
  PRIMARY KEY (`id`),
  KEY `IX_champion_tags_name` (`name`)
) ENGINE=InnoDB AUTO_INCREMENT=7 DEFAULT CHARSET=utf8 COMMENT='Not guaranteed to have the same ID if data is wiped. It depends on what order the engine decides to insert them in.';

-- Dumping data for table riot.champion_tag: ~6 rows (approximately)
/*!40000 ALTER TABLE `champion_tag` DISABLE KEYS */;
INSERT INTO `champion_tag` (`id`, `name`) VALUES
	(5, 'Assassin'),
	(1, 'Fighter'),
	(2, 'Mage'),
	(3, 'Marksman'),
	(6, 'Support'),
	(4, 'Tank');
/*!40000 ALTER TABLE `champion_tag` ENABLE KEYS */;

-- Dumping structure for table riot.delta_type
CREATE TABLE IF NOT EXISTS `delta_type` (
  `id` int(11) NOT NULL,
  `name` varchar(50) NOT NULL,
  PRIMARY KEY (`id`),
  UNIQUE KEY `UX_DeltaType_Name` (`name`)
) ENGINE=InnoDB DEFAULT CHARSET=utf8;

-- Dumping data for table riot.delta_type: ~7 rows (approximately)
/*!40000 ALTER TABLE `delta_type` DISABLE KEYS */;
INSERT INTO `delta_type` (`id`, `name`) VALUES
	(1, 'creepsPerMinDeltas'),
	(4, 'csDiffPerMinDeltas'),
	(7, 'damageTakenDiffPerMinDeltas'),
	(6, 'damageTakenPerMinDeltas'),
	(3, 'goldPerMinDeltas'),
	(5, 'xpDiffPerMinDeltas'),
	(2, 'xpPerMinDeltas');
/*!40000 ALTER TABLE `delta_type` ENABLE KEYS */;

-- Dumping structure for table riot.item
CREATE TABLE IF NOT EXISTS `item` (
  `itemId` int(11) NOT NULL COMMENT 'Given by Riot API',
  `name` varchar(50) NOT NULL,
  `goldSellsFor` int(11) NOT NULL,
  `goldTotal` int(11) NOT NULL,
  `goldBase` int(11) NOT NULL,
  `purchasable` bit(1) NOT NULL,
  PRIMARY KEY (`itemId`)
) ENGINE=InnoDB DEFAULT CHARSET=utf8 COMMENT='VERY incomplete until I do more with items. Right now I only need basic info to identify them by their IDs.';

-- Dumping data for table riot.item: ~321 rows (approximately)
/*!40000 ALTER TABLE `item` DISABLE KEYS */;
INSERT INTO `item` (`itemId`, `name`, `goldSellsFor`, `goldTotal`, `goldBase`, `purchasable`) VALUES
	(0, 'None', 0, 0, 0, b'0'),
	(1001, 'Boots of Speed', 210, 300, 300, b'1'),
	(1004, 'Faerie Charm', 88, 125, 125, b'1'),
	(1006, 'Rejuvenation Bead', 105, 150, 150, b'1'),
	(1011, 'Giant\'s Belt', 700, 1000, 600, b'1'),
	(1026, 'Blasting Wand', 595, 850, 850, b'1'),
	(1027, 'Sapphire Crystal', 245, 350, 350, b'1'),
	(1028, 'Ruby Crystal', 280, 400, 400, b'1'),
	(1029, 'Cloth Armor', 210, 300, 300, b'1'),
	(1031, 'Chain Vest', 560, 800, 500, b'1'),
	(1033, 'Null-Magic Mantle', 315, 450, 450, b'1'),
	(1036, 'Long Sword', 245, 350, 350, b'1'),
	(1037, 'Pickaxe', 613, 875, 875, b'1'),
	(1038, 'B. F. Sword', 910, 1300, 1300, b'1'),
	(1039, 'Hunter\'s Talisman', 245, 350, 350, b'1'),
	(1041, 'Hunter\'s Machete', 245, 350, 350, b'1'),
	(1042, 'Dagger', 210, 300, 300, b'1'),
	(1043, 'Recurve Bow', 700, 1000, 400, b'1'),
	(1051, 'Brawler\'s Gloves', 280, 400, 400, b'1'),
	(1052, 'Amplifying Tome', 305, 435, 435, b'1'),
	(1053, 'Vampiric Scepter', 630, 900, 550, b'1'),
	(1054, 'Doran\'s Shield', 180, 450, 450, b'1'),
	(1055, 'Doran\'s Blade', 180, 450, 450, b'1'),
	(1056, 'Doran\'s Ring', 160, 400, 400, b'1'),
	(1057, 'Negatron Cloak', 504, 720, 270, b'1'),
	(1058, 'Needlessly Large Rod', 875, 1250, 1250, b'1'),
	(1059, 'Space Vampiric Scepter', 630, 900, 550, b'1'),
	(1082, 'The Dark Seal', 245, 350, 350, b'1'),
	(1083, 'Cull', 180, 450, 450, b'1'),
	(1400, 'Enchantment: Warrior', 1838, 2625, 525, b'1'),
	(1401, 'Enchantment: Cinderhulk', 1750, 2500, 600, b'1'),
	(1402, 'Enchantment: Runic Echoes', 1838, 2625, 375, b'1'),
	(1412, 'Enchantment: Warrior', 1838, 2625, 525, b'1'),
	(1413, 'Enchantment: Cinderhulk', 1750, 2500, 600, b'1'),
	(1414, 'Enchantment: Runic Echoes', 1838, 2625, 375, b'1'),
	(1416, 'Enchantment: Bloodrazor', 1838, 2625, 625, b'1'),
	(1419, 'Enchantment: Bloodrazor', 1838, 2625, 625, b'1'),
	(2003, 'Health Potion', 20, 50, 50, b'1'),
	(2004, 'Mana Potion', 12, 30, 30, b'0'),
	(2009, 'Total Biscuit of Rejuvenation', 0, 0, 0, b'0'),
	(2010, 'Total Biscuit of Everlasting Will', 30, 75, 75, b'0'),
	(2011, 'Elixir Of Skill', 0, 0, 0, b'0'),
	(2012, 'Looted Biscuit of Rejuvenation', 30, 75, 75, b'0'),
	(2013, 'Looted Oracle\'s Extract', 24, 60, 60, b'0'),
	(2015, 'Kircheis Shard', 560, 800, 500, b'1'),
	(2031, 'Refillable Potion', 60, 150, 150, b'1'),
	(2032, 'Hunter\'s Potion', 160, 400, 250, b'1'),
	(2033, 'Corrupting Potion', 200, 500, 350, b'1'),
	(2047, 'Oracle\'s Extract', 120, 300, 300, b'1'),
	(2050, 'Explorer\'s Ward', 0, 0, 0, b'0'),
	(2051, 'Guardian\'s Horn', 380, 950, 950, b'1'),
	(2052, 'Poro-Snax', 0, 0, 0, b'0'),
	(2053, 'Raptor Cloak', 630, 900, 450, b'1'),
	(2054, 'Diet Poro-Snax', 0, 0, 0, b'0'),
	(2055, 'Control Ward', 30, 75, 75, b'1'),
	(2056, 'Pilfered Stealth Ward', 24, 60, 60, b'0'),
	(2057, 'Peering Farsight Ward', 24, 60, 60, b'0'),
	(2058, 'Travel Size Elixir of Iron', 32, 80, 80, b'0'),
	(2059, 'Travel Size Elixir of Sorcery', 32, 80, 80, b'0'),
	(2060, 'Travel Size Elixir of Wrath', 32, 80, 80, b'0'),
	(2061, 'Pilfered Health Potion', 16, 40, 40, b'0'),
	(2062, 'Pilfered Potion of Rouge', 32, 80, 80, b'0'),
	(2065, 'Shurelya\'s Reverie', 1575, 2250, 475, b'1'),
	(2138, 'Elixir of Iron', 200, 500, 500, b'1'),
	(2139, 'Elixir of Sorcery', 200, 500, 500, b'1'),
	(2140, 'Elixir of Wrath', 200, 500, 500, b'1'),
	(2319, 'Sly Sack of Gold', 65, 65, 65, b'0'),
	(2403, 'Minion Dematerializer', 0, 0, 0, b'0'),
	(2419, 'Commencing Stopwatch', 0, 0, 0, b'0'),
	(2420, 'Stopwatch', 240, 600, 600, b'1'),
	(2421, 'Broken Stopwatch', 240, 600, 600, b'1'),
	(2422, 'Slightly Magical Boots', 210, 300, 300, b'0'),
	(2423, 'Stopwatch', 240, 600, 600, b'0'),
	(2424, 'Broken Stopwatch', 240, 600, 600, b'0'),
	(3001, 'Abyssal Mask', 2100, 3000, 1180, b'1'),
	(3003, 'Archangel\'s Staff', 2240, 3200, 1050, b'1'),
	(3004, 'Manamune', 1680, 2400, 675, b'1'),
	(3005, 'Atma\'s Reckoning', 2030, 2900, 925, b'1'),
	(3006, 'Berserker\'s Greaves', 770, 1100, 500, b'1'),
	(3007, 'Archangel\'s Staff (Quick Charge)', 2240, 3200, 1050, b'1'),
	(3008, 'Manamune (Quick Charge)', 1680, 2400, 675, b'1'),
	(3009, 'Boots of Swiftness', 630, 900, 600, b'1'),
	(3010, 'Catalyst of Aeons', 770, 1100, 350, b'1'),
	(3020, 'Sorcerer\'s Shoes', 770, 1100, 800, b'1'),
	(3022, 'Frozen Mallet', 2170, 3100, 900, b'1'),
	(3024, 'Glacial Shroud', 630, 900, 250, b'1'),
	(3025, 'Iceborn Gauntlet', 1890, 2700, 750, b'1'),
	(3026, 'Guardian Angel', 1120, 2800, 100, b'1'),
	(3027, 'Rod of Ages', 1890, 2700, 750, b'1'),
	(3028, 'Chalice of Harmony', 560, 800, 100, b'1'),
	(3029, 'Rod of Ages (Quick Charge)', 1890, 2700, 750, b'1'),
	(3030, 'Hextech GLP-800', 1960, 2800, 450, b'1'),
	(3031, 'Infinity Edge', 2380, 3400, 1225, b'1'),
	(3033, 'Mortal Reminder', 1960, 2800, 700, b'1'),
	(3035, 'Last Whisper', 910, 1300, 950, b'1'),
	(3036, 'Lord Dominik\'s Regards', 1960, 2800, 625, b'1'),
	(3040, 'Seraph\'s Embrace', 2240, 3200, 3200, b'0'),
	(3041, 'Mejai\'s Soulstealer', 980, 1400, 1050, b'1'),
	(3042, 'Muramana', 1680, 2400, 2400, b'0'),
	(3043, 'Muramana', 1680, 2400, 2400, b'0'),
	(3044, 'Phage', 875, 1250, 500, b'1'),
	(3046, 'Phantom Dancer', 1890, 2700, 800, b'1'),
	(3047, 'Ninja Tabi', 770, 1100, 500, b'1'),
	(3048, 'Seraph\'s Embrace', 2240, 3200, 3200, b'0'),
	(3050, 'Zeke\'s Convergence', 1575, 2250, 250, b'1'),
	(3052, 'Jaurim\'s Fist', 840, 1200, 450, b'1'),
	(3053, 'Sterak\'s Gage', 2240, 3200, 725, b'1'),
	(3056, 'Ohmwrecker', 1855, 2650, 950, b'1'),
	(3057, 'Sheen', 735, 1050, 700, b'1'),
	(3065, 'Spirit Visage', 1960, 2800, 800, b'1'),
	(3067, 'Kindlegem', 560, 800, 400, b'1'),
	(3068, 'Sunfire Cape', 2030, 2900, 800, b'1'),
	(3069, 'Remnant of the Ascended', 600, 1500, 250, b'1'),
	(3070, 'Tear of the Goddess', 595, 850, 375, b'1'),
	(3071, 'The Black Cleaver', 2100, 3000, 950, b'1'),
	(3072, 'The Bloodthirster', 2450, 3500, 950, b'1'),
	(3073, 'Tear of the Goddess (Quick Charge)', 595, 850, 375, b'1'),
	(3074, 'Ravenous Hydra', 2450, 3500, 400, b'1'),
	(3075, 'Thornmail', 2030, 2900, 500, b'1'),
	(3076, 'Bramble Vest', 700, 1000, 400, b'1'),
	(3077, 'Tiamat', 928, 1325, 475, b'1'),
	(3078, 'Trinity Force', 2613, 3733, 333, b'1'),
	(3080, 'Space Bloodthirster', 2310, 3300, 750, b'1'),
	(3082, 'Warden\'s Mail', 700, 1000, 400, b'1'),
	(3083, 'Warmog\'s Armor', 1995, 2850, 400, b'1'),
	(3084, 'Overlord\'s Bloodmail', 1785, 2550, 900, b'1'),
	(3085, 'Runaan\'s Hurricane', 1960, 2800, 900, b'1'),
	(3086, 'Zeal', 910, 1300, 600, b'1'),
	(3087, 'Statikk Shiv', 1960, 2800, 700, b'1'),
	(3089, 'Rabadon\'s Deathcap', 2520, 3600, 1100, b'1'),
	(3090, 'Wooglet\'s Witchcap', 2380, 3400, 450, b'1'),
	(3091, 'Wit\'s End', 1680, 2400, 380, b'1'),
	(3092, 'Remnant of the Watchers', 720, 1800, 550, b'1'),
	(3094, 'Rapid Firecannon', 1960, 2800, 700, b'1'),
	(3095, 'Stormrazor', 1960, 2800, 500, b'1'),
	(3096, 'Nomad\'s Medallion', 340, 850, 300, b'1'),
	(3097, 'Targon\'s Brace', 340, 850, 300, b'1'),
	(3098, 'Frostfang', 340, 850, 325, b'1'),
	(3100, 'Lich Bane', 2240, 3200, 450, b'1'),
	(3101, 'Stinger', 770, 1100, 500, b'1'),
	(3102, 'Banshee\'s Veil', 2100, 3000, 800, b'1'),
	(3104, 'Lord Van Damm\'s Pillager', 2100, 3000, 700, b'1'),
	(3105, 'Aegis of the Legion', 770, 1100, 350, b'1'),
	(3107, 'Redemption', 1470, 2100, 650, b'1'),
	(3108, 'Fiendish Codex', 630, 900, 465, b'1'),
	(3109, 'Knight\'s Vow', 1540, 2200, 600, b'1'),
	(3110, 'Frozen Heart', 1890, 2700, 800, b'1'),
	(3111, 'Mercury\'s Treads', 770, 1100, 350, b'1'),
	(3112, 'Guardian\'s Orb', 380, 950, 950, b'1'),
	(3113, 'Aether Wisp', 595, 850, 415, b'1'),
	(3114, 'Forbidden Idol', 560, 800, 550, b'1'),
	(3115, 'Nashor\'s Tooth', 2100, 3000, 1000, b'1'),
	(3116, 'Rylai\'s Crystal Scepter', 1820, 2600, 915, b'1'),
	(3117, 'Boots of Mobility', 630, 900, 600, b'1'),
	(3118, 'Space Knight\'s Vow', 1540, 2200, 600, b'1'),
	(3122, 'Wicked Hatchet', 840, 1200, 450, b'1'),
	(3123, 'Executioner\'s Calling', 560, 800, 450, b'1'),
	(3124, 'Guinsoo\'s Rageblade', 2170, 3100, 790, b'1'),
	(3128, 'Deathfire Grasp', 2100, 3000, 850, b'1'),
	(3131, 'Sword of the Divine', 1750, 2500, 800, b'1'),
	(3133, 'Caulfield\'s Warhammer', 770, 1100, 400, b'1'),
	(3134, 'Serrated Dirk', 770, 1100, 400, b'1'),
	(3135, 'Void Staff', 1855, 2650, 1365, b'1'),
	(3136, 'Haunting Guise', 1050, 1500, 665, b'1'),
	(3137, 'Dervish Blade', 1890, 2700, 300, b'1'),
	(3139, 'Mercurial Scimitar', 2380, 3400, 325, b'1'),
	(3140, 'Quicksilver Sash', 910, 1300, 850, b'1'),
	(3142, 'Youmuu\'s Ghostblade', 2030, 2900, 700, b'1'),
	(3143, 'Randuin\'s Omen', 2030, 2900, 900, b'1'),
	(3144, 'Bilgewater Cutlass', 1050, 1500, 250, b'1'),
	(3145, 'Hextech Revolver', 735, 1050, 180, b'1'),
	(3146, 'Hextech Gunblade', 2380, 3400, 850, b'1'),
	(3147, 'Duskblade of Draktharr', 2030, 2900, 700, b'1'),
	(3148, 'Space Hextech Gunblade', 2380, 3400, 850, b'1'),
	(3149, 'Space Blade of the Ruined King', 2240, 3200, 700, b'1'),
	(3151, 'Liandry\'s Torment', 2170, 3100, 750, b'1'),
	(3152, 'Hextech Protobelt-01', 1750, 2500, 650, b'1'),
	(3153, 'Blade of the Ruined King', 2240, 3200, 700, b'1'),
	(3154, 'Wriggle\'s Lantern', 1155, 1650, 100, b'1'),
	(3155, 'Hexdrinker', 910, 1300, 500, b'1'),
	(3156, 'Maw of Malmortius', 2275, 3250, 850, b'1'),
	(3157, 'Zhonya\'s Hourglass', 2030, 2900, 300, b'1'),
	(3158, 'Ionian Boots of Lucidity', 630, 900, 600, b'1'),
	(3161, 'Spear of Shojin', 2030, 2900, 800, b'1'),
	(3162, 'Space Bilgewater Cutlass', 1050, 1500, 250, b'1'),
	(3163, 'Space Maw of Malmortius', 2275, 3250, 850, b'1'),
	(3165, 'Morellonomicon', 2100, 3000, 650, b'1'),
	(3170, 'Moonflair Spellblade', 1680, 2400, 580, b'1'),
	(3172, 'Zephyr', 1960, 2800, 900, b'1'),
	(3173, 'Space Boots of Lucidity', 630, 900, 600, b'1'),
	(3174, 'Athene\'s Unholy Grail', 1470, 2100, 400, b'1'),
	(3175, 'Head of Kha\'Zix', 0, 0, 0, b'0'),
	(3181, 'Sanguine Blade', 1680, 2400, 625, b'1'),
	(3184, 'Guardian\'s Hammer', 380, 950, 950, b'1'),
	(3187, 'Arcane Sweeper', 1435, 2050, 350, b'1'),
	(3190, 'Locket of the Iron Solari', 1540, 2200, 650, b'1'),
	(3191, 'Seeker\'s Armguard', 770, 1100, 65, b'1'),
	(3193, 'Gargoyle Stoneplate', 1750, 2500, 380, b'1'),
	(3194, 'Adaptive Helm', 1960, 2800, 1000, b'1'),
	(3196, 'The Hex Core mk-1', 805, 1150, 1150, b'1'),
	(3197, 'The Hex Core mk-2', 1505, 2150, 1000, b'1'),
	(3198, 'Perfect Hex Core', 2100, 3000, 850, b'1'),
	(3200, 'Prototype Hex Core', 0, 0, 0, b'0'),
	(3211, 'Spectre\'s Cowl', 840, 1200, 350, b'1'),
	(3222, 'Mikael\'s Crucible', 1470, 2100, 500, b'1'),
	(3230, 'Space Ravenous Hydra', 2450, 3500, 400, b'1'),
	(3231, 'Space Mercurial Scimitar', 2380, 3400, 325, b'1'),
	(3252, 'Poacher\'s Dirk', 350, 500, 150, b'1'),
	(3285, 'Luden\'s Echo', 2240, 3200, 1050, b'1'),
	(3301, 'Ancient Coin', 160, 400, 400, b'1'),
	(3302, 'Relic Shield', 160, 400, 400, b'1'),
	(3303, 'Spellthief\'s Edge', 160, 400, 400, b'1'),
	(3304, 'Timeworn Ancient Coin', 160, 400, 400, b'1'),
	(3305, 'Timeworn Nomad\'s Medallion', 340, 850, 300, b'1'),
	(3306, 'Timeworn Talisman of Ascension', 880, 2200, 450, b'1'),
	(3307, 'Timeworn Relic Shield', 160, 400, 400, b'1'),
	(3308, 'Timeworn Targon\'s Brace', 340, 850, 300, b'1'),
	(3309, 'Timeworn Face of the Mountain', 840, 2100, 450, b'1'),
	(3310, 'Timeworn Spellthief\'s Edge', 160, 400, 400, b'1'),
	(3311, 'Timeworn Frostfang', 340, 850, 325, b'1'),
	(3312, 'Timeworn Frost Queen\'s Claim', 880, 2200, 500, b'1'),
	(3340, 'Warding Totem (Trinket)', 0, 0, 0, b'1'),
	(3345, 'Soul Anchor (Trinket)', 0, 0, 0, b'0'),
	(3348, 'Arcane Sweeper', 0, 0, 0, b'0'),
	(3361, 'Greater Stealth Totem (Trinket)', 175, 250, 250, b'0'),
	(3362, 'Greater Vision Totem (Trinket)', 175, 250, 250, b'0'),
	(3363, 'Farsight Alteration', 0, 0, 0, b'1'),
	(3364, 'Oracle Lens', 0, 0, 0, b'1'),
	(3371, 'Molten Edge', 2380, 3400, 0, b'1'),
	(3373, 'Forgefire Cape', 2030, 2900, 0, b'1'),
	(3374, 'Rabadon\'s Deathcrown', 2520, 3600, 0, b'1'),
	(3379, 'Infernal Mask', 2100, 3000, 0, b'1'),
	(3380, 'The Obsidian Cleaver', 2100, 3000, 0, b'1'),
	(3382, 'Salvation', 1470, 2100, 0, b'1'),
	(3383, 'Circlet of the Iron Solari', 1540, 2200, 0, b'1'),
	(3384, 'Trinity Fusion', 2613, 3733, 0, b'1'),
	(3385, 'Wooglet\'s Witchcrown', 2380, 3400, 0, b'1'),
	(3386, 'Zhonya\'s Paradox', 2030, 2900, 0, b'1'),
	(3387, 'Frozen Fist', 1890, 2700, 0, b'1'),
	(3388, 'Youmuu\'s Wraithblade', 2030, 2900, 0, b'1'),
	(3389, 'Might of the Ruined King', 2240, 3200, 0, b'1'),
	(3390, 'Luden\'s Pulse', 2240, 3200, 0, b'1'),
	(3400, '\'Your Cut\'', 0, 0, 0, b'0'),
	(3401, 'Remnant of the Aspect', 720, 1800, 550, b'1'),
	(3410, 'Head of Kha\'Zix', 0, 0, 0, b'0'),
	(3416, 'Head of Kha\'Zix', 0, 0, 0, b'0'),
	(3422, 'Head of Kha\'Zix', 0, 0, 0, b'0'),
	(3455, 'Head of Kha\'Zix', 0, 0, 0, b'0'),
	(3460, 'Golden Transcendence', 0, 0, 0, b'0'),
	(3461, 'Golden Transcendence (Disabled)', 0, 0, 0, b'0'),
	(3462, 'Seer Stone (Trinket)', 0, 0, 0, b'0'),
	(3504, 'Ardent Censer', 1610, 2300, 650, b'1'),
	(3508, 'Essence Reaver', 2100, 3000, 250, b'1'),
	(3512, 'Zz\'Rot Portal', 1890, 2700, 1080, b'1'),
	(3513, 'Eye of the Herald', 0, 0, 0, b'0'),
	(3514, 'Eye of the Herald', 0, 0, 0, b'0'),
	(3520, 'Ghost Poro', 0, 0, 0, b'0'),
	(3599, 'The Black Spear', 0, 0, 0, b'1'),
	(3630, 'Siege Teleport', 7, 10, 10, b'0'),
	(3631, 'Siege Ballista', 0, 0, 0, b'1'),
	(3633, 'Siege Teleport', 7, 10, 10, b'0'),
	(3634, 'Tower: Beam of Ruination', 0, 0, 0, b'1'),
	(3635, 'Port Pad', 0, 0, 0, b'1'),
	(3636, 'Tower: Storm Bulwark', 0, 0, 0, b'1'),
	(3637, 'Nexus Siege: Siege Weapon Slot', 7, 10, 10, b'0'),
	(3640, 'Flash Zone', 0, 0, 0, b'1'),
	(3641, 'Vanguard Banner', 0, 0, 0, b'1'),
	(3642, 'Siege Refund', 0, 0, 0, b'1'),
	(3643, 'Entropy Field', 0, 0, 0, b'1'),
	(3645, 'Seer Stone (Trinket)', 0, 0, 0, b'0'),
	(3647, 'Shield Totem', 0, 0, 0, b'1'),
	(3648, 'Siege Teleport (Inactive)', 0, 0, 0, b'0'),
	(3649, 'Siege Sight Warder', 0, 0, 0, b'0'),
	(3671, 'Enchantment: Warrior', 1138, 1625, 525, b'1'),
	(3672, 'Enchantment: Cinderhulk', 998, 1425, 525, b'1'),
	(3673, 'Enchantment: Runic Echoes', 1138, 1625, 340, b'1'),
	(3675, 'Enchantment: Bloodrazor', 1138, 1625, 625, b'1'),
	(3680, 'Frosted Snax', 0, 0, 0, b'1'),
	(3681, 'Super Spicy Snax', 0, 0, 0, b'1'),
	(3682, 'Espresso Snax', 0, 0, 0, b'1'),
	(3683, 'Rainbow Snax Party Pack!', 0, 0, 0, b'1'),
	(3690, 'Cosmic Shackle', 0, 0, 0, b'1'),
	(3691, 'Singularity Lantern', 0, 0, 0, b'1'),
	(3692, 'Dark Matter Scythe', 0, 0, 0, b'1'),
	(3693, 'Gravity Boots', 0, 0, 0, b'1'),
	(3694, 'Cloak of Stars', 0, 0, 0, b'1'),
	(3695, 'Dark Star Sigil', 0, 0, 0, b'1'),
	(3706, 'Stalker\'s Blade', 700, 1000, 300, b'1'),
	(3715, 'Skirmisher\'s Sabre', 700, 1000, 300, b'1'),
	(3742, 'Dead Man\'s Plate', 2030, 2900, 1100, b'1'),
	(3748, 'Titanic Hydra', 2450, 3500, 575, b'1'),
	(3751, 'Bami\'s Cinder', 630, 900, 500, b'1'),
	(3800, 'Righteous Glory', 1855, 2650, 1100, b'1'),
	(3801, 'Crystalline Bracer', 455, 650, 100, b'1'),
	(3802, 'Lost Chapter', 910, 1300, 80, b'1'),
	(3812, 'Death\'s Dance', 2450, 3500, 625, b'1'),
	(3813, 'Space Death\'s Dance', 2450, 3500, 625, b'1'),
	(3814, 'Edge of Night', 2100, 3000, 625, b'1'),
	(3901, 'Fire at Will', 0, 0, 0, b'1'),
	(3902, 'Death\'s Daughter', 0, 0, 0, b'1'),
	(3903, 'Raise Morale', 0, 0, 0, b'1'),
	(3905, 'Twin Shadows', 1680, 2400, 650, b'1'),
	(3907, 'Spellbinder', 2030, 2900, 800, b'1'),
	(3916, 'Oblivion Orb', 1050, 1500, 665, b'1'),
	(4001, 'Ghostwalkers (Melee Only)', 700, 1000, 700, b'1'),
	(4003, 'Lifeline', 1050, 1500, 550, b'1'),
	(4004, 'Spectral Cutlass', 2100, 3000, 400, b'1'),
	(4101, 'Pridestalker\'s Blade', 315, 450, 450, b'1'),
	(4102, 'Enchantment: Warrior', 1838, 2625, 1075, b'1'),
	(4103, 'Enchantment: Cinderhulk', 1838, 2625, 1275, b'1'),
	(4104, 'Enchantment: Runic Echoes', 1838, 2625, 925, b'1'),
	(4105, 'Enchantment: Bloodrazor', 1838, 2625, 1175, b'1'),
	(4201, 'Doran\'s Lost Shield', 180, 450, 450, b'1'),
	(4202, 'Doran\'s Lost Blade', 180, 450, 450, b'1'),
	(4203, 'Doran\'s Lost Ring', 160, 400, 400, b'1'),
	(4204, 'Doran\'s Lost Idol', 160, 400, 400, b'1'),
	(4301, 'Philosopher\'s Medallion', 180, 450, 450, b'1'),
	(4302, 'Heart of Targon', 160, 400, 400, b'1'),
	(4401, 'Force of Nature', 2030, 2900, 1160, b'1'),
	(4402, 'Innervating Locket', 1960, 2800, 600, b'1'),
	(4403, 'Stat-Stick of Stoicism', 5136, 7337, 687, b'1');
/*!40000 ALTER TABLE `item` ENABLE KEYS */;

-- Dumping structure for table riot.match
CREATE TABLE IF NOT EXISTS `match` (
  `gameId` int(11) unsigned NOT NULL COMMENT 'Given by Riot API',
  `seasonId` int(11) NOT NULL COMMENT 'Given by Riot API',
  `queueId` int(11) NOT NULL COMMENT 'Given by Riot API',
  `mapId` int(11) NOT NULL COMMENT 'Given by Riot API',
  `platformId` varchar(50) NOT NULL COMMENT 'Region. Given by Riot API',
  `gameVersion` varchar(50) NOT NULL COMMENT 'Patch number',
  `gameMode` varchar(50) NOT NULL,
  `gameType` varchar(50) NOT NULL,
  `gameDuration` int(11) NOT NULL,
  `gameCreation` datetime NOT NULL,
  PRIMARY KEY (`gameId`),
  KEY `FK_matches_seasonId` (`seasonId`),
  CONSTRAINT `FK_match_seasonId` FOREIGN KEY (`seasonId`) REFERENCES `season` (`seasonId`)
) ENGINE=InnoDB DEFAULT CHARSET=utf8;

-- Dumping data for table riot.match: ~0 rows (approximately)
/*!40000 ALTER TABLE `match` DISABLE KEYS */;
/*!40000 ALTER TABLE `match` ENABLE KEYS */;

-- Dumping structure for table riot.match_list
CREATE TABLE IF NOT EXISTS `match_list` (
  `id` int(11) NOT NULL AUTO_INCREMENT,
  `summonerPUUID` varchar(100) NOT NULL,
  `gameId` int(11) unsigned NOT NULL,
  `championId` int(11) NOT NULL,
  `lane` varchar(6) NOT NULL,
  `role` varchar(11) NOT NULL,
  `timestamp` datetime NOT NULL,
  PRIMARY KEY (`id`),
  KEY `FK_matches_gameId` (`gameId`),
  KEY `FK_matches_championId` (`championId`),
  KEY `FK_matches_PUUID` (`summonerPUUID`),
  CONSTRAINT `FK_match_list_championId` FOREIGN KEY (`championId`) REFERENCES `champion` (`championId`),
  CONSTRAINT `FK_match_list_gameId` FOREIGN KEY (`gameId`) REFERENCES `match` (`gameId`),
  CONSTRAINT `FK_match_list_summonerPUUID` FOREIGN KEY (`summonerPUUID`) REFERENCES `summoner` (`puuid`)
) ENGINE=InnoDB DEFAULT CHARSET=utf8;

-- Dumping data for table riot.match_list: ~0 rows (approximately)
/*!40000 ALTER TABLE `match_list` DISABLE KEYS */;
/*!40000 ALTER TABLE `match_list` ENABLE KEYS */;

-- Dumping structure for table riot.participant
CREATE TABLE IF NOT EXISTS `participant` (
  `id` int(11) NOT NULL AUTO_INCREMENT,
  `gameId` int(11) unsigned NOT NULL,
  `participantId` int(11) NOT NULL,
  `accountId` varchar(100) NOT NULL,
  `championId` int(11) NOT NULL,
  `spell1Id` int(11) NOT NULL,
  `spell2Id` int(11) NOT NULL,
  `teamId` int(11) NOT NULL,
  `lane` varchar(6) NOT NULL,
  `role` varchar(11) NOT NULL,
  `highestAchievedSeasonTier` varchar(50) NOT NULL,
  PRIMARY KEY (`id`),
  UNIQUE KEY `gameId_participantId` (`gameId`,`participantId`),
  KEY `IX_participants_participantId` (`participantId`),
  KEY `FK_participants_championId` (`championId`),
  KEY `FK_participants_spell1Id` (`spell1Id`),
  KEY `FK_participants_spell2Id` (`spell2Id`),
  CONSTRAINT `FK_participants_championId` FOREIGN KEY (`championId`) REFERENCES `champion` (`championId`),
  CONSTRAINT `FK_participants_gameId` FOREIGN KEY (`gameId`) REFERENCES `match` (`gameId`),
  CONSTRAINT `FK_participants_spell1Id` FOREIGN KEY (`spell1Id`) REFERENCES `spell` (`spellId`),
  CONSTRAINT `FK_participants_spell2Id` FOREIGN KEY (`spell2Id`) REFERENCES `spell` (`spellId`)
) ENGINE=InnoDB DEFAULT CHARSET=utf8;

-- Dumping data for table riot.participant: ~0 rows (approximately)
/*!40000 ALTER TABLE `participant` DISABLE KEYS */;
/*!40000 ALTER TABLE `participant` ENABLE KEYS */;

-- Dumping structure for table riot.participant_stat
CREATE TABLE IF NOT EXISTS `participant_stat` (
  `id` int(11) NOT NULL AUTO_INCREMENT,
  `participantId` int(11) NOT NULL,
  `win` bit(1) NOT NULL COMMENT 'For some reason, it''s a bit here.',
  `kills` int(11) NOT NULL,
  `deaths` int(11) NOT NULL,
  `assists` int(11) NOT NULL,
  `largestKillingSpree` int(11) NOT NULL,
  `killingSprees` int(11) NOT NULL,
  `largestMultiKill` int(11) NOT NULL,
  `doubleKills` int(11) NOT NULL,
  `tripleKills` int(11) NOT NULL,
  `quadraKills` int(11) NOT NULL,
  `pentaKills` int(11) NOT NULL,
  `unrealKills` int(11) NOT NULL COMMENT 'HexaKill?',
  `physicalDamageDealt` int(11) NOT NULL,
  `physicalDamageDealtToChampions` int(11) NOT NULL,
  `magicDamageDealt` int(11) NOT NULL,
  `magicDamageDealtToChampions` int(11) NOT NULL,
  `trueDamageDealt` int(11) NOT NULL,
  `trueDamageDealtToChampions` int(11) NOT NULL,
  `totalDamageDealtToChampions` int(11) NOT NULL,
  `damageDealtToObjectives` int(11) NOT NULL,
  `totalDamageDealt` int(11) NOT NULL,
  `totalUnitsHealed` int(11) NOT NULL,
  `totalHeal` int(11) NOT NULL,
  `largestCriticalStrike` int(11) NOT NULL,
  `totalMinionsKilled` int(11) NOT NULL,
  `neutralMinionsKilled` int(11) NOT NULL,
  `neutralMinionsKilledTeamJungle` int(11) NOT NULL,
  `neutralMinionsKilledEnemyJungle` int(11) NOT NULL,
  `sightWardsBoughtInGame` int(11) NOT NULL,
  `visionWardsBoughtInGame` int(11) NOT NULL,
  `wardsKilled` int(11) NOT NULL,
  `wardsPlaced` int(11) NOT NULL,
  `visionScore` int(11) NOT NULL,
  `objectivePlayerScore` int(11) NOT NULL,
  `combatPlayerScore` int(11) NOT NULL,
  `totalPlayerScore` int(11) NOT NULL,
  `totalScoreRank` int(11) NOT NULL,
  `altarsCaptured` int(11) NOT NULL,
  `teamObjective` int(11) NOT NULL,
  `totalTimeCrowdControlDealt` int(11) NOT NULL,
  `timeCCingOthers` int(11) NOT NULL,
  `longestTimeSpentLiving` int(11) NOT NULL,
  `turretKills` int(11) NOT NULL,
  `damageDealtToTurrets` int(11) NOT NULL,
  `inhibitorKills` int(11) NOT NULL,
  `firstTowerAssist` bit(1) NOT NULL,
  `firstTowerKill` bit(1) NOT NULL,
  `firstBloodAssist` bit(1) NOT NULL,
  `firstInhibitorKill` bit(1) NOT NULL,
  `firstInhibitorAssist` bit(1) NOT NULL,
  `firstBloodKill` bit(1) NOT NULL,
  `champLevel` int(11) NOT NULL,
  `nodeNeutralize` int(11) NOT NULL,
  `nodeNeutralizeAssist` int(11) NOT NULL,
  `nodeCapture` int(11) NOT NULL,
  `nodeCaptureAssist` int(11) NOT NULL,
  `altarsNeutralized` int(11) NOT NULL,
  `goldEarned` int(11) NOT NULL,
  `goldSpent` int(11) NOT NULL,
  `physicalDamageTaken` int(11) NOT NULL,
  `magicalDamageTaken` int(11) NOT NULL,
  `trueDamageTaken` int(11) NOT NULL,
  `totalDamageTaken` int(11) NOT NULL,
  `perkPrimaryStyle` int(11) NOT NULL,
  `perkSubStyle` int(11) NOT NULL,
  PRIMARY KEY (`id`),
  KEY `FK_participant_stats_participantId` (`participantId`),
  CONSTRAINT `FK_participant_stats_participantId` FOREIGN KEY (`participantId`) REFERENCES `participant` (`id`)
) ENGINE=InnoDB DEFAULT CHARSET=utf8;

-- Dumping data for table riot.participant_stat: ~0 rows (approximately)
/*!40000 ALTER TABLE `participant_stat` DISABLE KEYS */;
/*!40000 ALTER TABLE `participant_stat` ENABLE KEYS */;

-- Dumping structure for table riot.participant_timeline_delta
CREATE TABLE IF NOT EXISTS `participant_timeline_delta` (
  `id` int(11) NOT NULL AUTO_INCREMENT,
  `participantId` int(11) NOT NULL,
  `deltaTypeId` int(11) NOT NULL,
  `increment` varchar(7) NOT NULL COMMENT 'Values indicate minutes such as "0-10", "10-20". Length of 7 should cover anything that goes into the 100+ min range. God help anyone who plays more than 16.5 hours in one game.',
  `value` decimal(10,3) NOT NULL,
  PRIMARY KEY (`id`),
  UNIQUE KEY `participantId_deltaTypeId_increment` (`participantId`,`deltaTypeId`,`increment`)
) ENGINE=InnoDB DEFAULT CHARSET=utf8;

-- Dumping data for table riot.participant_timeline_delta: ~0 rows (approximately)
/*!40000 ALTER TABLE `participant_timeline_delta` DISABLE KEYS */;
/*!40000 ALTER TABLE `participant_timeline_delta` ENABLE KEYS */;

-- Dumping structure for table riot.perk
CREATE TABLE IF NOT EXISTS `perk` (
  `perkId` varchar(4) NOT NULL COMMENT 'Given by Riot API. First 2 characters show style. 84XX is style 8400.',
  `styleId` varchar(4) NOT NULL,
  `name` varchar(50) NOT NULL,
  PRIMARY KEY (`perkId`),
  KEY `FK_perks_styleId` (`styleId`),
  CONSTRAINT `FK_perk_styleId` FOREIGN KEY (`styleId`) REFERENCES `perk_style` (`styleId`)
) ENGINE=InnoDB DEFAULT CHARSET=utf8 COMMENT='Runes are called perks in the API and are a part of the participantDTO. They are not directly available from the API, so I am having to infer and figure them out on my own.';

-- Dumping data for table riot.perk: ~64 rows (approximately)
/*!40000 ALTER TABLE `perk` DISABLE KEYS */;
INSERT INTO `perk` (`perkId`, `styleId`, `name`) VALUES
	('8005', '8000', 'Press the Attack'),
	('8008', '8000', 'Lethal Tempo'),
	('8009', '8000', 'Presence of Mind'),
	('8010', '8000', 'Conqueror'),
	('8014', '8000', 'Coup de Grace'),
	('8017', '8000', 'Cut Down'),
	('8021', '8000', 'Fleet Footwork'),
	('8105', '8100', 'Relentless Hunter'),
	('8106', '8100', 'Ultimate Hunter'),
	('8112', '8100', 'Electrocute'),
	('8120', '8100', 'Ghost Poro'),
	('8124', '8100', 'Predator'),
	('8126', '8100', 'Cheap Shot'),
	('8128', '8100', 'Dark Harvest'),
	('8134', '8100', 'Ingenious Hunter'),
	('8135', '8100', 'Ravenous Hunter'),
	('8136', '8100', 'Zombie Ward'),
	('8138', '8100', 'Eyeball Collection'),
	('8139', '8100', 'Taste of Blood'),
	('8143', '8100', 'Sudden Impact'),
	('8210', '8200', 'Transcendence'),
	('8214', '8200', 'Summon Aery'),
	('8224', '8200', 'Nullifying Orb'),
	('8226', '8200', 'Manaflow Band'),
	('8229', '8200', 'Arcane Comet'),
	('8230', '8200', 'Phase Rush'),
	('8232', '8200', 'Waterwalking'),
	('8233', '8200', 'Absolute Focus'),
	('8234', '8200', 'Celerity'),
	('8236', '8200', 'Gathering Storm'),
	('8237', '8200', 'Scorch'),
	('8242', '8400', 'Unflinching'),
	('8275', '8200', 'Nimbus Cloak'),
	('8299', '8000', 'Last Stand'),
	('8304', '8300', 'Magical Footwear'),
	('8306', '8300', 'Hextech Flashtraption'),
	('8313', '8300', 'Perfect Timing'),
	('8316', '8300', 'Minion Dematerializer'),
	('8321', '8300', 'Future\'s Market'),
	('8345', '8300', 'Biscuit Delivery'),
	('8347', '8300', 'Cosmic Insight'),
	('8351', '8300', 'Glacial Augment'),
	('8352', '8300', 'Time Warp Tonic'),
	('8359', '8300', 'Kleptomancy'),
	('8360', '8300', 'Unsealed Spellbook'),
	('8401', '8400', 'Shield Bash'),
	('8410', '8300', 'Approach Velocity'),
	('8429', '8400', 'Conditioning'),
	('8437', '8400', 'Grasp of the Undying'),
	('8439', '8400', 'Aftershock'),
	('8444', '8400', 'Second Wind'),
	('8446', '8400', 'Demolish'),
	('8451', '8400', 'Overgrowth'),
	('8453', '8400', 'Revitalize'),
	('8463', '8400', 'Font of Life'),
	('8465', '8400', 'Guardian'),
	('8472', '8400', 'Chrysalis'),
	('8473', '8400', 'Bone Plating'),
	('9101', '8000', 'Overheal'),
	('9103', '8000', 'Legend: Bloodline'),
	('9104', '8000', 'Legend: Alacrity'),
	('9105', '8000', 'Legend: Tenacity'),
	('9111', '8000', 'Triumph'),
	('9923', '8100', 'Hail of Blades');
/*!40000 ALTER TABLE `perk` ENABLE KEYS */;

-- Dumping structure for table riot.perk_style
CREATE TABLE IF NOT EXISTS `perk_style` (
  `styleId` varchar(4) NOT NULL COMMENT 'Given by Riot API',
  `name` varchar(50) NOT NULL,
  PRIMARY KEY (`styleId`)
) ENGINE=InnoDB DEFAULT CHARSET=utf8 COMMENT='These are the major paths for the runes.';

-- Dumping data for table riot.perk_style: ~5 rows (approximately)
/*!40000 ALTER TABLE `perk_style` DISABLE KEYS */;
INSERT INTO `perk_style` (`styleId`, `name`) VALUES
	('8000', 'Precision'),
	('8100', 'Domination'),
	('8200', 'Sorcery'),
	('8300', 'Inspiration'),
	('8400', 'Resolve');
/*!40000 ALTER TABLE `perk_style` ENABLE KEYS */;

-- Dumping structure for table riot.season
CREATE TABLE IF NOT EXISTS `season` (
  `seasonId` int(11) NOT NULL COMMENT 'Given by Riot API',
  `number` int(11) NOT NULL,
  `name` varchar(50) NOT NULL,
  `startDate` datetime NOT NULL,
  `endDate` datetime DEFAULT NULL,
  `isCurrent` int(1) NOT NULL DEFAULT '0',
  PRIMARY KEY (`seasonId`)
) ENGINE=InnoDB DEFAULT CHARSET=utf8;

-- Dumping data for table riot.season: ~3 rows (approximately)
/*!40000 ALTER TABLE `season` DISABLE KEYS */;
INSERT INTO `season` (`seasonId`, `number`, `name`, `startDate`, `endDate`, `isCurrent`) VALUES
	(11, 8, 'Season 2018', '2018-01-16 00:00:00', '2018-11-12 23:59:59', 0),
	(12, 9, 'Preseason 2019', '2018-11-13 00:00:00', NULL, 0),
	(13, 9, 'Season 2019', '2019-01-06 00:00:00', NULL, 1);
/*!40000 ALTER TABLE `season` ENABLE KEYS */;

-- Dumping structure for table riot.spell
CREATE TABLE IF NOT EXISTS `spell` (
  `spellId` int(11) NOT NULL COMMENT 'Given by Riot API',
  `version` varchar(10) DEFAULT NULL,
  `name` varchar(50) NOT NULL,
  `key` varchar(50) NOT NULL,
  PRIMARY KEY (`spellId`)
) ENGINE=InnoDB DEFAULT CHARSET=utf8 COMMENT='summoner spells';

-- Dumping data for table riot.spell: ~21 rows (approximately)
/*!40000 ALTER TABLE `spell` DISABLE KEYS */;
INSERT INTO `spell` (`spellId`, `version`, `name`, `key`) VALUES
	(1, '9.1.1', 'Cleanse', 'SummonerBoost'),
	(3, '9.1.1', 'Exhaust', 'SummonerExhaust'),
	(4, '9.1.1', 'Flash', 'SummonerFlash'),
	(6, '9.1.1', 'Ghost', 'SummonerHaste'),
	(7, '9.1.1', 'Heal', 'SummonerHeal'),
	(11, '9.1.1', 'Smite', 'SummonerSmite'),
	(12, '9.1.1', 'Teleport', 'SummonerTeleport'),
	(13, '9.1.1', 'Clarity', 'SummonerMana'),
	(14, '9.1.1', 'Ignite', 'SummonerDot'),
	(21, '9.1.1', 'Barrier', 'SummonerBarrier'),
	(30, '9.1.1', 'To the King!', 'SummonerPoroRecall'),
	(31, '9.1.1', 'Poro Toss', 'SummonerPoroThrow'),
	(32, '9.1.1', 'Mark', 'SummonerSnowball'),
	(33, '9.1.1', 'Nexus Siege: Siege Weapon Slot', 'SummonerSiegeChampSelect1'),
	(34, '9.1.1', 'Nexus Siege: Siege Weapon Slot', 'SummonerSiegeChampSelect2'),
	(35, '9.1.1', 'Disabled Summoner Spells', 'SummonerDarkStarChampSelect1'),
	(36, '9.1.1', 'Disabled Summoner Spells', 'SummonerDarkStarChampSelect2'),
	(39, '9.1.1', 'Ultra (Rapidly Flung) Mark', 'SummonerSnowURFSnowball_Mark'),
	(50, '9.1.1', 'Resuscitate', 'SummonerOdysseyRevive'),
	(51, '9.1.1', 'Ghost', 'SummonerOdysseyGhost'),
	(52, '9.1.1', 'Warp', 'SummonerOdysseyFlash');
/*!40000 ALTER TABLE `spell` ENABLE KEYS */;

-- Dumping structure for table riot.summoner
CREATE TABLE IF NOT EXISTS `summoner` (
  `puuid` varchar(100) NOT NULL COMMENT 'Given by Riot API',
  `summonerId` varchar(100) NOT NULL COMMENT 'Given by Riot API',
  `accountId` varchar(100) NOT NULL COMMENT 'Given by Riot API',
  `profileIconId` int(11) NOT NULL,
  `summonerLevel` int(11) NOT NULL,
  `name` varchar(50) NOT NULL,
  `revisionDate` datetime NOT NULL,
  `lastUpdated` datetime DEFAULT NULL,
  PRIMARY KEY (`puuid`),
  KEY `IX_summonerId_name_puuid` (`puuid`,`summonerId`,`accountId`,`name`)
) ENGINE=InnoDB DEFAULT CHARSET=utf8;

-- Dumping data for table riot.summoner: ~0 rows (approximately)
/*!40000 ALTER TABLE `summoner` DISABLE KEYS */;
/*!40000 ALTER TABLE `summoner` ENABLE KEYS */;

-- Dumping structure for table riot.team_ban
CREATE TABLE IF NOT EXISTS `team_ban` (
  `id` int(11) NOT NULL AUTO_INCREMENT,
  `gameId` int(11) unsigned NOT NULL,
  `teamId` int(11) NOT NULL,
  `championId` int(11) NOT NULL,
  `pickTurn` int(11) NOT NULL,
  PRIMARY KEY (`id`),
  UNIQUE KEY `gameId_teamId_pickTurn` (`gameId`,`teamId`,`pickTurn`),
  KEY `FK_team_ban_championId` (`championId`),
  CONSTRAINT `FK_team_ban_championId` FOREIGN KEY (`championId`) REFERENCES `champion` (`championId`),
  CONSTRAINT `FK_team_ban_gameId` FOREIGN KEY (`gameId`) REFERENCES `match` (`gameId`)
) ENGINE=InnoDB DEFAULT CHARSET=utf8 COMMENT='Probably don''t need this, but Riot probably thought the same.';

-- Dumping data for table riot.team_ban: ~0 rows (approximately)
/*!40000 ALTER TABLE `team_ban` DISABLE KEYS */;
/*!40000 ALTER TABLE `team_ban` ENABLE KEYS */;

-- Dumping structure for table riot.team_stat
CREATE TABLE IF NOT EXISTS `team_stat` (
  `id` int(11) NOT NULL AUTO_INCREMENT,
  `gameId` int(11) unsigned NOT NULL,
  `teamId` int(11) NOT NULL COMMENT '100 = Blue and 200 = Red',
  `win` varchar(4) NOT NULL COMMENT 'Either "Win" or "Fail"',
  `baronKills` int(11) NOT NULL,
  `riftHeraldKills` int(11) NOT NULL,
  `vilemawKills` int(11) NOT NULL,
  `inhibitorKills` int(11) NOT NULL,
  `towerKills` int(11) NOT NULL,
  `dragonKills` int(11) NOT NULL,
  `dominionVictoryScore` int(11) NOT NULL COMMENT 'R.I.P.',
  `firstDragon` bit(1) NOT NULL,
  `firstInhibitor` bit(1) NOT NULL,
  `firstRiftHerald` bit(1) NOT NULL,
  `firstBlood` bit(1) NOT NULL,
  `firstTower` bit(1) NOT NULL,
  PRIMARY KEY (`id`),
  UNIQUE KEY `gameId_teamId` (`gameId`,`teamId`),
  CONSTRAINT `FK_team_stats_gameId` FOREIGN KEY (`gameId`) REFERENCES `match` (`gameId`)
) ENGINE=InnoDB DEFAULT CHARSET=utf8;

-- Dumping data for table riot.team_stat: ~0 rows (approximately)
/*!40000 ALTER TABLE `team_stat` DISABLE KEYS */;
/*!40000 ALTER TABLE `team_stat` ENABLE KEYS */;

-- Dumping structure for table riot.xref_champion_tag
CREATE TABLE IF NOT EXISTS `xref_champion_tag` (
  `id` int(11) NOT NULL AUTO_INCREMENT,
  `championId` int(11) NOT NULL,
  `tagId` int(11) NOT NULL,
  PRIMARY KEY (`id`),
  UNIQUE KEY `UX_champion_tags_championId_tagId` (`championId`,`tagId`),
  KEY `FK_xref_champion_tags_tagId` (`tagId`),
  CONSTRAINT `FK_xref_champion_tags_championId` FOREIGN KEY (`championId`) REFERENCES `champion` (`championId`),
  CONSTRAINT `FK_xref_champion_tags_tagId` FOREIGN KEY (`tagId`) REFERENCES `champion_tag` (`id`)
) ENGINE=InnoDB AUTO_INCREMENT=256 DEFAULT CHARSET=utf8;

-- Dumping data for table riot.xref_champion_tag: ~255 rows (approximately)
/*!40000 ALTER TABLE `xref_champion_tag` DISABLE KEYS */;
INSERT INTO `xref_champion_tag` (`id`, `championId`, `tagId`) VALUES
	(6, 1, 2),
	(148, 2, 1),
	(142, 2, 4),
	(64, 3, 2),
	(53, 3, 4),
	(213, 4, 2),
	(237, 5, 1),
	(234, 5, 5),
	(219, 6, 1),
	(214, 6, 3),
	(104, 7, 2),
	(115, 7, 5),
	(225, 8, 2),
	(228, 8, 4),
	(48, 9, 2),
	(45, 9, 6),
	(94, 10, 1),
	(90, 10, 6),
	(171, 11, 1),
	(144, 11, 5),
	(11, 12, 4),
	(12, 12, 6),
	(167, 13, 1),
	(172, 13, 2),
	(180, 14, 1),
	(189, 14, 4),
	(185, 15, 3),
	(188, 16, 2),
	(186, 16, 6),
	(209, 17, 3),
	(197, 17, 5),
	(217, 18, 3),
	(205, 18, 5),
	(226, 19, 1),
	(231, 19, 4),
	(151, 20, 1),
	(138, 20, 4),
	(128, 21, 3),
	(8, 22, 3),
	(4, 22, 6),
	(202, 23, 1),
	(207, 23, 5),
	(112, 24, 1),
	(73, 24, 5),
	(126, 25, 2),
	(124, 25, 6),
	(244, 26, 2),
	(250, 26, 6),
	(177, 27, 1),
	(175, 27, 4),
	(39, 28, 2),
	(47, 28, 5),
	(203, 29, 3),
	(241, 29, 5),
	(100, 30, 2),
	(31, 31, 2),
	(29, 31, 4),
	(28, 32, 2),
	(27, 32, 4),
	(166, 33, 1),
	(154, 33, 4),
	(7, 34, 2),
	(22, 34, 6),
	(174, 35, 5),
	(46, 36, 1),
	(33, 36, 4),
	(181, 37, 2),
	(183, 37, 6),
	(85, 38, 2),
	(82, 38, 5),
	(77, 39, 1),
	(66, 39, 5),
	(69, 40, 2),
	(70, 40, 6),
	(59, 41, 1),
	(26, 42, 3),
	(83, 43, 2),
	(81, 43, 6),
	(196, 44, 1),
	(198, 44, 6),
	(253, 45, 2),
	(204, 48, 1),
	(218, 48, 4),
	(195, 50, 1),
	(184, 50, 2),
	(21, 51, 3),
	(17, 53, 1),
	(16, 53, 4),
	(111, 54, 1),
	(120, 54, 4),
	(87, 55, 2),
	(86, 55, 5),
	(146, 56, 1),
	(140, 56, 5),
	(127, 57, 2),
	(123, 57, 4),
	(158, 58, 1),
	(161, 58, 4),
	(72, 59, 1),
	(75, 59, 4),
	(96, 60, 1),
	(89, 60, 2),
	(143, 61, 2),
	(153, 61, 6),
	(145, 62, 1),
	(122, 62, 4),
	(18, 63, 2),
	(114, 64, 1),
	(107, 64, 5),
	(235, 67, 3),
	(223, 67, 5),
	(168, 68, 1),
	(192, 68, 2),
	(38, 69, 2),
	(179, 72, 1),
	(182, 72, 4),
	(62, 74, 2),
	(60, 74, 6),
	(129, 75, 1),
	(133, 75, 4),
	(135, 76, 1),
	(137, 76, 5),
	(208, 77, 1),
	(215, 77, 4),
	(178, 78, 1),
	(169, 78, 4),
	(55, 79, 1),
	(63, 79, 2),
	(206, 80, 1),
	(147, 80, 5),
	(42, 81, 2),
	(43, 81, 3),
	(131, 82, 1),
	(236, 83, 1),
	(255, 83, 4),
	(3, 84, 5),
	(91, 85, 2),
	(118, 85, 3),
	(51, 86, 1),
	(52, 86, 4),
	(113, 89, 4),
	(106, 89, 6),
	(121, 90, 2),
	(116, 90, 5),
	(199, 91, 1),
	(193, 91, 5),
	(164, 92, 1),
	(165, 92, 5),
	(101, 96, 2),
	(103, 96, 3),
	(176, 98, 4),
	(119, 99, 2),
	(109, 99, 6),
	(230, 101, 2),
	(227, 101, 5),
	(211, 102, 1),
	(173, 102, 4),
	(23, 103, 2),
	(35, 103, 5),
	(56, 104, 3),
	(49, 105, 1),
	(50, 105, 5),
	(221, 106, 1),
	(240, 106, 4),
	(163, 107, 1),
	(160, 107, 5),
	(216, 110, 2),
	(233, 110, 3),
	(132, 111, 1),
	(130, 111, 4),
	(222, 112, 2),
	(170, 113, 1),
	(232, 113, 4),
	(44, 114, 1),
	(57, 114, 5),
	(245, 115, 2),
	(117, 117, 2),
	(108, 117, 6),
	(41, 119, 3),
	(61, 120, 1),
	(74, 120, 4),
	(92, 121, 1),
	(98, 121, 5),
	(30, 122, 1),
	(32, 122, 4),
	(95, 126, 1),
	(76, 126, 3),
	(105, 127, 2),
	(37, 131, 1),
	(40, 131, 2),
	(155, 133, 1),
	(152, 133, 3),
	(200, 134, 2),
	(187, 134, 6),
	(9, 136, 1),
	(5, 136, 2),
	(88, 141, 1),
	(139, 141, 5),
	(251, 142, 2),
	(252, 142, 6),
	(246, 143, 2),
	(248, 143, 6),
	(84, 145, 3),
	(58, 150, 1),
	(54, 150, 4),
	(254, 154, 1),
	(242, 154, 4),
	(238, 157, 1),
	(239, 157, 5),
	(220, 161, 2),
	(212, 163, 2),
	(190, 163, 6),
	(25, 164, 1),
	(24, 164, 4),
	(20, 201, 4),
	(19, 201, 6),
	(78, 202, 3),
	(79, 202, 5),
	(102, 203, 3),
	(93, 222, 3),
	(194, 223, 4),
	(191, 223, 6),
	(110, 236, 3),
	(247, 238, 1),
	(249, 238, 5),
	(97, 240, 1),
	(99, 240, 4),
	(36, 245, 1),
	(34, 245, 5),
	(224, 254, 1),
	(229, 254, 5),
	(2, 266, 1),
	(1, 266, 4),
	(136, 267, 2),
	(125, 267, 6),
	(10, 268, 2),
	(13, 268, 3),
	(210, 412, 1),
	(201, 412, 6),
	(71, 420, 1),
	(65, 420, 4),
	(159, 421, 1),
	(68, 427, 2),
	(67, 427, 6),
	(80, 429, 3),
	(15, 432, 2),
	(14, 432, 6),
	(162, 497, 6),
	(243, 498, 3),
	(150, 516, 1),
	(149, 516, 4),
	(134, 518, 2),
	(141, 518, 6),
	(156, 555, 5),
	(157, 555, 6);
/*!40000 ALTER TABLE `xref_champion_tag` ENABLE KEYS */;

-- Dumping structure for table riot.xref_participant_item
CREATE TABLE IF NOT EXISTS `xref_participant_item` (
  `id` int(11) NOT NULL AUTO_INCREMENT,
  `participantId` int(11) NOT NULL,
  `itemId` int(11) NOT NULL,
  PRIMARY KEY (`id`),
  KEY `FK_participant_items_participantId` (`participantId`),
  KEY `FK_xref_participant_item_itemId` (`itemId`),
  CONSTRAINT `FK_xref_participant_item_itemId` FOREIGN KEY (`itemId`) REFERENCES `item` (`itemId`),
  CONSTRAINT `FK_xref_participant_item_participantId` FOREIGN KEY (`participantId`) REFERENCES `participant` (`id`)
) ENGINE=InnoDB DEFAULT CHARSET=utf8 COMMENT='Might not be strictly needed, just as with bans, but it breaks from the normalized structure if I leave them part of the participants_stats table.\r\n\r\nThinking about it deeper, it really is a many-many relationship, so deserves its own table.';

-- Dumping data for table riot.xref_participant_item: ~0 rows (approximately)
/*!40000 ALTER TABLE `xref_participant_item` DISABLE KEYS */;
/*!40000 ALTER TABLE `xref_participant_item` ENABLE KEYS */;

-- Dumping structure for table riot.xref_participant_perk
CREATE TABLE IF NOT EXISTS `xref_participant_perk` (
  `id` int(11) NOT NULL AUTO_INCREMENT,
  `participantId` int(11) NOT NULL,
  `perkId` varchar(4) NOT NULL,
  `varId` int(11) NOT NULL COMMENT 'Every perk gets 3. Pulling these into their own table allows me to expand the amount of vars instead of adding more columns to the stats table if Riot ever decides to use more.',
  `description` varchar(50) DEFAULT NULL,
  `value` int(11) NOT NULL,
  PRIMARY KEY (`id`),
  UNIQUE KEY `gameId_participantId_perkId_varId` (`participantId`,`perkId`,`varId`),
  KEY `FK_perkId` (`perkId`),
  KEY `FK_participantId` (`participantId`),
  CONSTRAINT `FK_participantId` FOREIGN KEY (`participantId`) REFERENCES `participant` (`id`),
  CONSTRAINT `FK_perkId` FOREIGN KEY (`perkId`) REFERENCES `perk` (`perkId`)
) ENGINE=InnoDB DEFAULT CHARSET=utf8;

-- Dumping data for table riot.xref_participant_perk: ~0 rows (approximately)
/*!40000 ALTER TABLE `xref_participant_perk` DISABLE KEYS */;
/*!40000 ALTER TABLE `xref_participant_perk` ENABLE KEYS */;

/*!40101 SET SQL_MODE=IFNULL(@OLD_SQL_MODE, '') */;
/*!40014 SET FOREIGN_KEY_CHECKS=IF(@OLD_FOREIGN_KEY_CHECKS IS NULL, 1, @OLD_FOREIGN_KEY_CHECKS) */;
/*!40101 SET CHARACTER_SET_CLIENT=@OLD_CHARACTER_SET_CLIENT */;
